{"type":"FeatureCollection","features":[{"type":"Feature","id":22973188,"properties":{"id":22973188,"railway":"rail","service":"yard","name":null,"usage":"service","gauge":"1676","electrified":"contact_line","voltage":"25000","frequency":"50","operator":"Central Railway","highspeed":"no","tracks":1,"network_type":"yard_loop","corridor":"PUNE-DIV"},"geometry":{"type":"LineString","coordinates":[[73.896165,18.528788],[73.896572,18.528743],[73.896653,18.528745],[73.896893,18.528751],[73.897404,18.528851],[73.897848,18.529022],[73.898267,18.529296],[73.898834,18.529676],[73.899281,18.529909],[73.899702,18.530027],[73.900655,18.530101]]}},{"type":"Feature","id":22973189,"properties":{"id":22973189,"railway":"rail","service":null,"name":"Mumbai–Pune Railway","usage":"main","gauge":"1676","electrified":"contact_line","voltage":"25000","frequency":"50","operator":"Central Railway","highspeed":"no","tracks":1,"network_type":"mainline","corridor":"PUNE-LNL"},"geometry":{"type":"LineString","coordinates":[[73.86325,18.528754],[73.863438,18.528764]]}},{"type":"Feature","id":22973190,"properties":{"id":22973190,"railway":"rail","service":null,"name":"Mumbai–Pune Railway","usage":"main","gauge":"1676","electrified":"contact_line","voltage":"25000","frequency":"50","operator":"Central Railway","highspeed":"no","tracks":1,"network_type":"mainline","corridor":"PUNE-LNL"},"geometry":{"type":"LineString","coordinates":[[73.861529,18.528662],[73.861839,18.528676],[73.86325,18.528754]]}},{"type":"Feature","id":22973191,"properties":{"id":22973191,"railway":"rail","service":null,"name":"Mumbai–Pune Railway","usage":"main","gauge":"1676","electrified":"contact_line","voltage":"25000","frequency":"50","operator":"Central Railway","highspeed":"no","tracks":1,"network_type":"mainline","corridor":"PUNE-LNL"},"geometry":{"type":"LineString","coordinates":[[73.859307,18.528559],[73.861529,18.528662]]}},{"type":"Feature","id":22981417,"properties":{"id":22981417,"railway":"rail","service":"yard","name":null,"usage":"service","gauge":"1676","electrified":"contact_line","voltage":"25000","frequency":"50","operator":"Central Railway","highspeed":"no","tracks":1,"network_type":"yard_loop","corridor":"PUNE-DIV"},"geometry":{"type":"LineString","coordinates":[[73.887932,18.531148],[73.888234,18.531026],[73.888545,18.53088],[73.889111,18.530693],[73.894996,18.528881],[73.895433,18.528762],[73.895752,18.528637],[73.896068,18.528423],[73.896274,18.528255],[73.89648,18.527998],[73.896926,18.527444]]}},{"type":"Feature","id":22981555,"properties":{"id":22981555,"railway":"rail","service":null,"name":"Mumbai–Pune Railway","usage":"main","gauge":"1676","electrified":"contact_line","voltage":"25000","frequency":"50","operator":"Central Railway","highspeed":"no","tracks":1,"network_type":"mainline","corridor":"PUNE-LNL"},"geometry":{"type":"LineString","coordinates":[[73.834947,18.575673],[73.83576,18.573596]]}},{"type":"Feature","id":41849782,"properties":{"id":41849782,"railway":"rail","service":null,"name":"Pune - Daund Railway Line","usage":"main","gauge":"1676","electrified":"contact_line","voltage":"25000","frequency":"50","operator":"Central Railway","highspeed":"no","tracks":1,"network_type":"mainline","corridor":"PUNE-LNL"},"geometry":{"type":"LineString","coordinates":[[74.045207,18.49111],[74.062716,18.493642],[74.063125,18.493696],[74.063465,18.49373],[74.063818,18.493756],[74.064155,18.493778],[74.064605,18.493799],[74.064925,18.493802],[74.065432,18.493802],[74.072076,18.493821],[74.073565,18.493823]]}},{"type":"Feature","id":49770581,"properties":{"id":49770581,"railway":"rail","service":null,"name":null,"usage":"branch","gauge":"1676","electrified":"contact_line","voltage":"25000","frequency":"50","operator":"Central Railway","highspeed":"no","tracks":1,"network_type":"mainline","corridor":"PUNE-DIV"},"geometry":{"type":"LineString","coordinates":[[73.32002,18.870589],[73.319825,18.870038],[73.319731,18.869673],[73.31965,18.869353],[73.319433,18.867957],[73.319252,18.866524],[73.319209,18.865835],[73.31924,18.865121],[73.319339,18.864375],[73.319394,18.863781],[73.319407,18.863273],[73.319375,18.862704],[73.319327,18.862349],[73.319195,18.861664],[73.319013,18.86094],[73.318358,18.858273],[73.31822,18.857627],[73.318103,18.856931],[73.318018,18.856307],[73.317966,18.855629],[73.317948,18.854935],[73.31796,18.8542],[73.318126,18.852207],[73.318514,18.848264],[73.318793,18.845283],[73.318894,18.844212],[73.319202,18.840999],[73.319498,18.837793]]}},{"type":"Feature","id":52879752,"properties":{"id":52879752,"railway":"rail","service":null,"name":"Mumbai–Pune Railway","usage":"main","gauge":"1676","electrified":"contact_line","voltage":"25000","frequency":"50","operator":"Central Railway","highspeed":"no","tracks":1,"network_type":"mainline","corridor":"PUNE-LNL"},"geometry":{"type":"LineString","coordinates":[[73.850177,18.536837],[73.850204,18.536732],[73.850261,18.536504],[73.851007,18.533806],[73.85119,18.533256],[73.851305,18.532974],[73.851472,18.532605],[73.851656,18.53225],[73.851836,18.531948],[73.85203,18.531662],[73.852388,18.53118],[73.852795,18.530722],[73.853072,18.530441],[73.853312,18.530235]]}},{"type":"Feature","id":52881191,"properties":{"id":52881191,"railway":"rail","service":"yard","name":null,"usage":"service","gauge":"1676","electrified":"contact_line","voltage":"25000","frequency":"50","operator":"Central Railway","highspeed":"no","tracks":1,"network_type":"yard_loop","corridor":"PUNE-DIV"},"geometry":{"type":"LineString","coordinates":[[73.863947,18.528517],[73.864218,18.528484],[73.86455,18.528487],[73.864901,18.528489],[73.865742,18.528543],[73.866583,18.528603],[73.867719,18.528674],[73.868759,18.528732],[73.869135,18.528744],[73.869324,18.528762],[73.86958,18.528811],[73.869828,18.528858]]}},{"type":"Feature","id":52881202,"properties":{"id":52881202,"railway":"rail","service":null,"name":null,"usage":"main","gauge":"1676","electrified":"contact_line","voltage":"25000","frequency":"50","operator":"Central Railway","highspeed":"no","tracks":1,"network_type":"mainline","corridor":"PUNE-DIV"},"geometry":{"type":"LineString","coordinates":[[73.872662,18.52937],[73.871299,18.529308],[73.870815,18.52929],[73.870746,18.529288],[73.870055,18.529268],[73.869711,18.529244]]}},{"type":"Feature","id":53754060,"properties":{"id":53754060,"railway":"rail","service":null,"name":"Tunnel 43","usage":"main","gauge":"1676","electrified":"contact_line","voltage":"25000","frequency":"50","operator":"Central Railway","highspeed":"no","tracks":1,"network_type":"mainline","corridor":"PUNE-DIV"},"geometry":{"type":"LineString","coordinates":[[73.37029,18.792824],[73.370709,18.793118],[73.371398,18.793596],[73.371827,18.793999],[73.372109,18.794348]]}},{"type":"Feature","id":53754063,"properties":{"id":53754063,"railway":"rail","service":null,"name":"Tunnel 44","usage":"main","gauge":"1676","electrified":"contact_line","voltage":"25000","frequency":"50","operator":"Central Railway","highspeed":"no","tracks":1,"network_type":"mainline","corridor":"PUNE-DIV"},"geometry":{"type":"LineString","coordinates":[[73.367948,18.788736],[73.368351,18.790112],[73.368456,18.790478],[73.368542,18.790758]]}},{"type":"Feature","id":53759142,"properties":{"id":53759142,"railway":"rail","service":null,"name":"Tunnel 48","usage":"main","gauge":"1676","electrified":"contact_line","voltage":"25000","frequency":"50","operator":"Central Railway","highspeed":"no","tracks":1,"network_type":"mainline","corridor":"PUNE-DIV"},"geometry":{"type":"LineString","coordinates":[[73.363035,18.770101],[73.362636,18.770891]]}},{"type":"Feature","id":53759147,"properties":{"id":53759147,"railway":"rail","service":null,"name":null,"usage":"main","gauge":"1676","electrified":"contact_line","voltage":"25000","frequency":"50","operator":"Central Railway","highspeed":"no","tracks":1,"network_type":"mainline","corridor":"PUNE-DIV"},"geometry":{"type":"LineString","coordinates":[[73.364804,18.764342],[73.364818,18.764725],[73.364768,18.765152],[73.364453,18.766939],[73.364362,18.767468],[73.364258,18.767874],[73.364058,18.768371],[73.36351,18.769225],[73.363035,18.770101]]}},{"type":"Feature","id":53759149,"properties":{"id":53759149,"railway":"rail","service":null,"name":"Viaduct 1","usage":"main","gauge":"1676","electrified":"contact_line","voltage":"25000","frequency":"50","operator":"Central Railway","highspeed":"no","tracks":1,"network_type":"mainline","corridor":"PUNE-DIV"},"geometry":{"type":"LineString","coordinates":[[73.336448,18.849914],[73.335221,18.849163],[73.335055,18.849068]]}},{"type":"Feature","id":53759151,"properties":{"id":53759151,"railway":"rail","service":null,"name":"Tunnel 11","usage":"main","gauge":"1676","electrified":"contact_line","voltage":"25000","frequency":"50","operator":"Central Railway","highspeed":"no","tracks":1,"network_type":"mainline","corridor":"PUNE-DIV"},"geometry":{"type":"LineString","coordinates":[[73.332749,18.8485],[73.332285,18.848555],[73.331715,18.848649],[73.330835,18.848847],[73.33039,18.84896]]}},{"type":"Feature","id":53759153,"properties":{"id":53759153,"railway":"rail","service":null,"name":null,"usage":"main","gauge":"1676","electrified":"contact_line","voltage":"25000","frequency":"50","operator":"Central Railway","highspeed":"no","tracks":1,"network_type":"mainline","corridor":"PUNE-DIV"},"geometry":{"type":"LineString","coordinates":[[73.362636,18.770891],[73.362561,18.771278],[73.362519,18.771655],[73.362497,18.772217],[73.362522,18.772386],[73.362553,18.772627],[73.362561,18.772922],[73.362619,18.773197],[73.362654,18.773344],[73.362722,18.773594],[73.362887,18.774065],[73.363141,18.7746],[73.363367,18.775011],[73.363723,18.775568],[73.36408,18.776168],[73.364227,18.77643],[73.364368,18.776642],[73.364486,18.776876],[73.364813,18.777661],[73.365153,18.77855],[73.365376,18.779393],[73.365633,18.780217],[73.365769,18.780855],[73.365988,18.78183],[73.366045,18.782102],[73.366182,18.782642],[73.366386,18.783444],[73.366545,18.783977],[73.366801,18.784878],[73.367029,18.785676],[73.367117,18.78614],[73.367113,18.786547],[73.367099,18.7869],[73.367068,18.787223],[73.366997,18.78753],[73.366932,18.7878],[73.366837,18.788098],[73.366606,18.788582],[73.366395,18.788875],[73.366134,18.789202],[73.365983,18.789402]]}},{"type":"Feature","id":58605711,"properties":{"id":58605711,"railway":"rail","service":null,"name":"Tunnel 50","usage":"main","gauge":"1676","electrified":"contact_line","voltage":"25000","frequency":"50","operator":"Central Railway","highspeed":"no","tracks":1,"network_type":"mainline","corridor":"PUNE-DIV"},"geometry":{"type":"LineString","coordinates":[[73.364716,18.757884],[73.364357,18.758432],[73.36386,18.759261],[73.363619,18.760099],[73.36345,18.760951]]}},{"type":"Feature","id":58605715,"properties":{"id":58605715,"railway":"rail","service":null,"name":null,"usage":"main","gauge":"1676","electrified":"contact_line","voltage":"25000","frequency":"50","operator":"Central Railway","highspeed":"no","tracks":1,"network_type":"mainline","corridor":"PUNE-DIV"},"geometry":{"type":"LineString","coordinates":[[73.36546,18.755675],[73.365443,18.755963],[73.365383,18.756284],[73.3653,18.756719],[73.365207,18.757049],[73.365153,18.757177],[73.365007,18.757434],[73.364885,18.757628],[73.364716,18.757884]]}},{"type":"Feature","id":61970413,"properties":{"id":61970413,"railway":"rail","service":"yard","name":null,"usage":"service","gauge":"1676","electrified":"contact_line","voltage":"25000","frequency":"50","operator":"Central Railway","highspeed":"no","tracks":1,"network_type":"yard_loop","corridor":"PUNE-DIV"},"geometry":{"type":"LineString","coordinates":[[73.863882,18.529186],[73.866474,18.529328],[73.866862,18.529337],[73.867291,18.529252],[73.867759,18.529142]]}},{"type":"Feature","id":61971119,"properties":{"id":61971119,"railway":"rail","service":"yard","name":null,"usage":"service","gauge":"1676","electrified":"contact_line","voltage":"25000","frequency":"50","operator":"Central Railway","highspeed":"no","tracks":1,"network_type":"yard_loop","corridor":"PUNE-DIV"},"geometry":{"type":"LineString","coordinates":[[73.864318,18.5284],[73.864643,18.52835],[73.86503,18.528347],[73.865486,18.528389],[73.86592,18.528419],[73.866902,18.528479],[73.868348,18.528575],[73.868917,18.528598]]}},{"type":"Feature","id":61971120,"properties":{"id":61971120,"railway":"rail","service":"yard","name":null,"usage":"service","gauge":"1676","electrified":"contact_line","voltage":"25000","frequency":"50","operator":"Central Railway","highspeed":"no","tracks":1,"network_type":"yard_loop","corridor":"PUNE-DIV"},"geometry":{"type":"LineString","coordinates":[[73.863677,18.528676],[73.863913,18.528651],[73.864276,18.528629],[73.864722,18.528642],[73.865486,18.528709],[73.866155,18.528746],[73.866582,18.528769],[73.867703,18.528849],[73.868402,18.52889],[73.869022,18.528921],[73.869397,18.528938],[73.8703,18.528967]]}},{"type":"Feature","id":69379777,"properties":{"id":69379777,"railway":"rail","service":"yard","name":null,"usage":"service","gauge":"1676","electrified":"contact_line","voltage":"25000","frequency":"50","operator":"Central Railway","highspeed":"no","tracks":1,"network_type":"yard_loop","corridor":"PUNE-DIV"},"geometry":{"type":"LineString","coordinates":[[73.888234,18.531026],[73.889115,18.530746],[73.895448,18.528807],[73.895818,18.52872],[73.896201,18.528688],[73.896546,18.528694],[73.896639,18.528709],[73.896893,18.528751]]}},{"type":"Feature","id":69379995,"properties":{"id":69379995,"railway":"rail","service":"yard","name":null,"usage":"service","gauge":"1676","electrified":"contact_line","voltage":"25000","frequency":"50","operator":"Central Railway","highspeed":"no","tracks":1,"network_type":"yard_loop","corridor":"PUNE-DIV"},"geometry":{"type":"LineString","coordinates":[[73.889171,18.531152],[73.88946,18.531089],[73.889753,18.531025],[73.893027,18.530638],[73.893497,18.530629]]}},{"type":"Feature","id":69380059,"properties":{"id":69380059,"railway":"rail","service":"yard","name":null,"usage":"service","gauge":"1676","electrified":"contact_line","voltage":"25000","frequency":"50","operator":"Central Railway","highspeed":"no","tracks":1,"network_type":"yard_loop","corridor":"PUNE-DIV"},"geometry":{"type":"LineString","coordinates":[[73.889787,18.530986],[73.891804,18.530735]]}},{"type":"Feature","id":69380486,"properties":{"id":69380486,"railway":"rail","service":"yard","name":null,"usage":"service","gauge":"1676","electrified":"contact_line","voltage":"25000","frequency":"50","operator":"Central Railway","highspeed":"no","tracks":1,"network_type":"yard_loop","corridor":"PUNE-DIV"},"geometry":{"type":"LineString","coordinates":[[73.867292,18.525948],[73.869297,18.528119],[73.869337,18.528147],[73.869531,18.528284],[73.869826,18.528453]]}},{"type":"Feature","id":69380614,"properties":{"id":69380614,"railway":"rail","service":"yard","name":null,"usage":"service","gauge":"1676","electrified":"contact_line","voltage":"25000","frequency":"50","operator":"Central Railway","highspeed":"no","tracks":1,"network_type":"yard_loop","corridor":"PUNE-DIV"},"geometry":{"type":"LineString","coordinates":[[73.86873,18.528222],[73.869628,18.528488],[73.869982,18.528554],[73.87037,18.528623],[73.870484,18.528644],[73.870595,18.528661]]}},{"type":"Feature","id":69380731,"properties":{"id":69380731,"railway":"rail","service":"yard","name":null,"usage":"service","gauge":"1676","electrified":"contact_line","voltage":"25000","frequency":"50","operator":"Central Railway","highspeed":"no","tracks":1,"network_type":"yard_loop","corridor":"PUNE-DIV"},"geometry":{"type":"LineString","coordinates":[[73.868718,18.528274],[73.869607,18.528519],[73.869982,18.528554]]}},{"type":"Feature","id":69684340,"properties":{"id":69684340,"railway":"rail","service":"yard","name":null,"usage":"service","gauge":"1676","electrified":"contact_line","voltage":"25000","frequency":"50","operator":"Central Railway","highspeed":"no","tracks":1,"network_type":"yard_loop","corridor":"PUNE-DIV"},"geometry":{"type":"LineString","coordinates":[[73.863637,18.528918],[73.865462,18.529015],[73.867169,18.52913],[73.867641,18.529101]]}},{"type":"Feature","id":82511835,"properties":{"id":82511835,"railway":"rail","service":null,"name":"Tunnel 21","usage":"main","gauge":"1676","electrified":"contact_line","voltage":"25000","frequency":"50","operator":"Central Railway","highspeed":"no","tracks":1,"network_type":"mainline","corridor":"PUNE-DIV"},"geometry":{"type":"LineString","coordinates":[[73.357275,18.847806],[73.357398,18.848174],[73.357465,18.848624],[73.357419,18.851088],[73.357344,18.851726],[73.357112,18.852267],[73.356755,18.852646],[73.356402,18.852915],[73.355978,18.853099],[73.355499,18.853204],[73.355099,18.853233],[73.354735,18.853214]]}},{"type":"Feature","id":97699120,"properties":{"id":97699120,"railway":"rail","service":"siding","name":null,"usage":"service","gauge":"1676","electrified":"contact_line","voltage":"25000","frequency":"50","operator":"Central Railway","highspeed":"no","tracks":1,"network_type":"yard_loop","corridor":"PUNE-DIV"},"geometry":{"type":"LineString","coordinates":[[73.704829,18.701457],[73.705772,18.701305],[73.70785,18.701415],[73.713449,18.701732],[73.715134,18.701815],[73.71664,18.701898],[73.71712,18.701954],[73.717496,18.702029],[73.718209,18.702244],[73.718702,18.70231],[73.719496,18.70224],[73.719627,18.702229],[73.719667,18.702225],[73.719799,18.702214],[73.720504,18.702095],[73.720809,18.701969],[73.721209,18.701695],[73.721796,18.701138],[73.722061,18.70081],[73.72223,18.700412],[73.722299,18.700044],[73.722306,18.699374],[73.722199,18.696785],[73.722235,18.696545],[73.722262,18.69637],[73.722417,18.69587],[73.722694,18.695467],[73.723948,18.693574],[73.724436,18.692915],[73.724838,18.692565],[73.727921,18.690178],[73.72824,18.689798],[73.72833,18.689586],[73.728422,18.689365],[73.728485,18.688842],[73.72851,18.688445],[73.728604,18.6881],[73.728723,18.687857],[73.729708,18.686583],[73.729869,18.686374],[73.730003,18.686201],[73.73037,18.685674],[73.730479,18.685458],[73.730944,18.684748],[73.732785,18.682433],[73.733211,18.68197],[73.733788,18.681423],[73.734113,18.681054],[73.73532,18.679519],[73.735453,18.679276],[73.735765,18.678752],[73.736267,18.678094],[73.736627,18.677646]]}},{"type":"Feature","id":97699130,"properties":{"id":97699130,"railway":"rail","service":"spur","name":null,"usage":"service","gauge":"1676","electrified":"contact_line","voltage":"25000","frequency":"50","operator":"Central Railway","highspeed":"no","tracks":1,"network_type":"yard_loop","corridor":"PUNE-DIV"},"geometry":{"type":"LineString","coordinates":[[73.733353,18.685517],[73.732849,18.685165],[73.732492,18.685028],[73.732015,18.684945],[73.731451,18.685011],[73.73103,18.685132],[73.730729,18.685325],[73.730588,18.685462],[73.73037,18.685674]]}},{"type":"Feature","id":97699133,"properties":{"id":97699133,"railway":"rail","service":null,"name":null,"usage":"main","gauge":"1676","electrified":"contact_line","voltage":"25000","frequency":"50","operator":"Central Railway","highspeed":"no","tracks":1,"network_type":"mainline","corridor":"PUNE-DIV"},"geometry":{"type":"LineString","coordinates":[[73.567855,18.762244],[73.567435,18.762413],[73.566833,18.762677],[73.566251,18.762953],[73.565891,18.76314],[73.565534,18.763334],[73.562646,18.765003],[73.558953,18.767088],[73.55769,18.767467],[73.556501,18.767693],[73.555417,18.767728],[73.554569,18.767641],[73.55398,18.767516],[73.553587,18.767395],[73.552982,18.767179],[73.552424,18.766954],[73.55102,18.766331],[73.550541,18.766187],[73.550185,18.766068],[73.549759,18.765964],[73.549309,18.765878],[73.548796,18.765804],[73.544584,18.765365],[73.544228,18.765317],[73.543877,18.765256],[73.543319,18.765126],[73.54283,18.764975],[73.542408,18.764829],[73.54196,18.764637],[73.541515,18.764403],[73.541087,18.76413],[73.540595,18.76378],[73.540124,18.763398],[73.538784,18.762211],[73.538371,18.761881],[73.537937,18.761582],[73.537455,18.761301],[73.536934,18.761043],[73.536233,18.760751],[73.529379,18.758199],[73.528567,18.757855],[73.527798,18.757469],[73.527216,18.75715],[73.526599,18.756782],[73.526069,18.756399],[73.525223,18.755721],[73.524347,18.755011],[73.523611,18.75444],[73.522872,18.753911],[73.522313,18.753564],[73.521851,18.753301]]}},{"type":"Feature","id":97699152,"properties":{"id":97699152,"railway":"rail","service":"spur","name":null,"usage":"service","gauge":"1676","electrified":"contact_line","voltage":"25000","frequency":"50","operator":"Central Railway","highspeed":"no","tracks":1,"network_type":"yard_loop","corridor":"PUNE-DIV"},"geometry":{"type":"LineString","coordinates":[[73.732785,18.682433],[73.732486,18.682952],[73.73235,18.683351],[73.73231,18.683693],[73.732315,18.683768],[73.732319,18.683847],[73.732355,18.684116],[73.732526,18.684577],[73.732907,18.685052],[73.733353,18.685517],[73.73404,18.686244],[73.734772,18.68688],[73.73571,18.68746],[73.736018,18.687629],[73.736582,18.687939],[73.737525,18.688267],[73.739399,18.688725],[73.739472,18.688744],[73.740197,18.688927],[73.741505,18.689241],[73.742232,18.689502],[73.742989,18.689934],[73.743541,18.69038],[73.744306,18.691041]]}},{"type":"Feature","id":106483611,"properties":{"id":106483611,"railway":"rail","service":null,"name":null,"usage":"main","gauge":"1676","electrified":"contact_line","voltage":"25000","frequency":"50","operator":"Central Railway","highspeed":"no","tracks":1,"network_type":"mainline","corridor":"PUNE-DIV"},"geometry":{"type":"LineString","coordinates":[[73.900976,18.530058],[73.900655,18.530101],[73.898876,18.530342],[73.897918,18.530456],[73.89656,18.530624],[73.89524,18.530788],[73.894382,18.530895],[73.890684,18.531333],[73.889516,18.531466],[73.888679,18.531569],[73.88796,18.531662],[73.887292,18.531734],[73.886921,18.531778],[73.886747,18.531799],[73.886088,18.531864],[73.885497,18.531882],[73.885169,18.531864],[73.884719,18.531828],[73.884219,18.531764],[73.883479,18.531647]]}},{"type":"Feature","id":106483654,"properties":{"id":106483654,"railway":"rail","service":"yard","name":null,"usage":"service","gauge":"1676","electrified":"contact_line","voltage":"25000","frequency":"50","operator":"Central Railway","highspeed":"no","tracks":1,"network_type":"yard_loop","corridor":"PUNE-DIV"},"geometry":{"type":"LineString","coordinates":[[73.863947,18.528517],[73.863495,18.528614]]}},{"type":"Feature","id":106619172,"properties":{"id":106619172,"railway":"rail","service":null,"name":"Mumbai–Pune Railway","usage":"main","gauge":"1676","electrified":"contact_line","voltage":"25000","frequency":"50","operator":"Central Railway","highspeed":"no","tracks":1,"network_type":"mainline","corridor":"PUNE-LNL"},"geometry":{"type":"LineString","coordinates":[[73.845062,18.555438],[73.845102,18.555298]]}},{"type":"Feature","id":106619291,"properties":{"id":106619291,"railway":"rail","service":null,"name":"Mumbai–Pune Railway","usage":"main","gauge":"1676","electrified":"contact_line","voltage":"25000","frequency":"50","operator":"Central Railway","highspeed":"no","tracks":1,"network_type":"mainline","corridor":"PUNE-LNL"},"geometry":{"type":"LineString","coordinates":[[73.845102,18.555298],[73.84528,18.554657],[73.847407,18.546907]]}},{"type":"Feature","id":106619311,"properties":{"id":106619311,"railway":"rail","service":null,"name":"Mumbai–Pune Railway","usage":"main","gauge":"1676","electrified":"contact_line","voltage":"25000","frequency":"50","operator":"Central Railway","highspeed":"no","tracks":1,"network_type":"mainline","corridor":"PUNE-LNL"},"geometry":{"type":"LineString","coordinates":[[73.847407,18.546907],[73.847438,18.546794]]}},{"type":"Feature","id":106747581,"properties":{"id":106747581,"railway":"rail","service":"yard","name":null,"usage":"service","gauge":"1676","electrified":"contact_line","voltage":"25000","frequency":"50","operator":"Central Railway","highspeed":"no","tracks":1,"network_type":"yard_loop","corridor":"PUNE-DIV"},"geometry":{"type":"LineString","coordinates":[[73.888183,18.531127],[73.88862,18.531002],[73.888939,18.530939],[73.889187,18.53088],[73.89557,18.528926],[73.895795,18.528853]]}},{"type":"Feature","id":106747597,"properties":{"id":106747597,"railway":"rail","service":"yard","name":null,"usage":"service","gauge":"1676","electrified":"contact_line","voltage":"25000","frequency":"50","operator":"Central Railway","highspeed":"no","tracks":1,"network_type":"yard_loop","corridor":"PUNE-DIV"},"geometry":{"type":"LineString","coordinates":[[73.88946,18.531089],[73.889787,18.530986],[73.890147,18.530883]]}},{"type":"Feature","id":108093173,"properties":{"id":108093173,"railway":"rail","service":"yard","name":null,"usage":"service","gauge":"1676","electrified":"contact_line","voltage":"25000","frequency":"50","operator":"Central Railway","highspeed":"no","tracks":1,"network_type":"yard_loop","corridor":"PUNE-DIV"},"geometry":{"type":"LineString","coordinates":[[73.870188,18.528741],[73.87061,18.528725],[73.871225,18.528694],[73.872558,18.528607]]}},{"type":"Feature","id":121895447,"properties":{"id":121895447,"railway":"rail","service":"yard","name":null,"usage":"service","gauge":"1676","electrified":"contact_line","voltage":"25000","frequency":"50","operator":"Central Railway","highspeed":"no","tracks":1,"network_type":"yard_loop","corridor":"PUNE-DIV"},"geometry":{"type":"LineString","coordinates":[[73.867031,18.526022],[73.868658,18.527762],[73.868921,18.527987],[73.869102,18.52811],[73.869324,18.52826],[73.869614,18.52838],[73.869826,18.528453],[73.870011,18.528516],[73.87037,18.528623]]}},{"type":"Feature","id":121895453,"properties":{"id":121895453,"railway":"rail","service":null,"name":"Mumbai–Pune Railway","usage":"main","gauge":"1676","electrified":"contact_line","voltage":"25000","frequency":"50","operator":"Central Railway","highspeed":"no","tracks":1,"network_type":"mainline","corridor":"PUNE-LNL"},"geometry":{"type":"LineString","coordinates":[[73.863254,18.528706],[73.862201,18.528652],[73.861756,18.52862],[73.861531,18.528608]]}},{"type":"Feature","id":121895457,"properties":{"id":121895457,"railway":"rail","service":null,"name":null,"usage":"main","gauge":"1676","electrified":"contact_line","voltage":"25000","frequency":"50","operator":"Central Railway","highspeed":"no","tracks":1,"network_type":"mainline","corridor":"PUNE-DIV"},"geometry":{"type":"LineString","coordinates":[[73.869376,18.529107],[73.869855,18.529096],[73.870532,18.52905],[73.870894,18.529027],[73.870945,18.529024],[73.871342,18.529018],[73.871878,18.529045],[73.872047,18.529054],[73.874499,18.529184],[73.875018,18.529234],[73.875436,18.529298],[73.876149,18.529435],[73.876529,18.52953]]}},{"type":"Feature","id":125859243,"properties":{"id":125859243,"railway":"rail","service":"spur","name":null,"usage":"military","gauge":"1676","electrified":"no","voltage":"25000","frequency":"50","operator":"Central Railway","highspeed":"no","tracks":1,"network_type":"yard_loop","corridor":"PUNE-DIV"},"geometry":{"type":"LineString","coordinates":[[73.839376,18.565491],[73.839271,18.565702],[73.839227,18.56587],[73.839196,18.566078],[73.839178,18.566298],[73.839194,18.566587],[73.83923,18.566897]]}},{"type":"Feature","id":149003179,"properties":{"id":149003179,"railway":"rail","service":null,"name":"Tunnel 51","usage":"main","gauge":"1676","electrified":"contact_line","voltage":"25000","frequency":"50","operator":"Central Railway","highspeed":"no","tracks":1,"network_type":"mainline","corridor":"PUNE-DIV"},"geometry":{"type":"LineString","coordinates":[[73.371665,18.753612],[73.371426,18.753394],[73.371145,18.753193],[73.370893,18.753049],[73.370628,18.752965],[73.370283,18.752897],[73.369903,18.752838],[73.368864,18.752785],[73.368215,18.752851],[73.367369,18.753055],[73.366719,18.753408],[73.366212,18.753869],[73.365781,18.754469],[73.36555,18.754989],[73.365516,18.755098],[73.36548,18.755343],[73.36546,18.755675]]}},{"type":"Feature","id":149003183,"properties":{"id":149003183,"railway":"rail","service":"siding","name":"catch siding","usage":"service","gauge":"1676","electrified":"contact_line","voltage":"25000","frequency":"50","operator":"Central Railway","highspeed":"no","tracks":1,"network_type":"yard_loop","corridor":"PUNE-DIV"},"geometry":{"type":"LineString","coordinates":[[73.364496,18.833087],[73.364358,18.833263],[73.364107,18.833585],[73.363536,18.834578],[73.363216,18.835142],[73.362961,18.835724],[73.362518,18.836745],[73.361606,18.838877],[73.360864,18.840701],[73.360454,18.841372],[73.359679,18.842278],[73.358833,18.843005]]}},{"type":"Feature","id":149003187,"properties":{"id":149003187,"railway":"rail","service":"siding","name":"catch siding","usage":"service","gauge":"1676","electrified":"contact_line","voltage":"25000","frequency":"50","operator":"Central Railway","highspeed":"no","tracks":1,"network_type":"yard_loop","corridor":"PUNE-DIV"},"geometry":{"type":"LineString","coordinates":[[73.374294,18.754978],[73.374024,18.754999],[73.37355,18.754975],[73.373313,18.754946],[73.373096,18.754898],[73.372813,18.754826],[73.372561,18.754734],[73.372134,18.754532],[73.371839,18.754354],[73.371606,18.75418],[73.371365,18.753983],[73.371343,18.753964],[73.371092,18.753723],[73.370905,18.753498],[73.370724,18.753235],[73.370668,18.753136],[73.370612,18.753039],[73.370539,18.752839],[73.370396,18.752408],[73.370295,18.751841]]}},{"type":"Feature","id":149003188,"properties":{"id":149003188,"railway":"rail","service":"siding","name":"catch siding","usage":"service","gauge":"1676","electrified":"contact_line","voltage":"25000","frequency":"50","operator":"Central Railway","highspeed":"no","tracks":1,"network_type":"yard_loop","corridor":"PUNE-DIV"},"geometry":{"type":"LineString","coordinates":[[73.363723,18.826866],[73.363491,18.827473],[73.363212,18.828033],[73.363172,18.828112],[73.362883,18.828793],[73.362868,18.828829],[73.362253,18.830253],[73.361273,18.832375]]}},{"type":"Feature","id":149003190,"properties":{"id":149003190,"railway":"rail","service":"siding","name":"catch siding","usage":"service","gauge":"1676","electrified":"contact_line","voltage":"25000","frequency":"50","operator":"Central Railway","highspeed":"no","tracks":1,"network_type":"yard_loop","corridor":"PUNE-DIV"},"geometry":{"type":"LineString","coordinates":[[73.367117,18.78614],[73.367197,18.786535],[73.367331,18.787064],[73.367351,18.787162],[73.367405,18.787482],[73.367436,18.787752],[73.367449,18.788018],[73.367448,18.788521],[73.367434,18.789029],[73.36739,18.789566],[73.367121,18.790872]]}},{"type":"Feature","id":149003192,"properties":{"id":149003192,"railway":"rail","service":"siding","name":"catch siding","usage":"service","gauge":"1676","electrified":"contact_line","voltage":"25000","frequency":"50","operator":"Central Railway","highspeed":"no","tracks":1,"network_type":"yard_loop","corridor":"PUNE-DIV"},"geometry":{"type":"LineString","coordinates":[[73.367155,18.790886],[73.367425,18.789565],[73.367482,18.789024],[73.367488,18.788869],[73.3675,18.788534],[73.367483,18.788018],[73.367487,18.787732],[73.367484,18.787468],[73.367411,18.786977],[73.367274,18.786274],[73.367124,18.785622]]}},{"type":"Feature","id":149003198,"properties":{"id":149003198,"railway":"rail","service":null,"name":null,"usage":"main","gauge":"1676","electrified":"contact_line","voltage":"25000","frequency":"50","operator":"Central Railway","highspeed":"no","tracks":1,"network_type":"mainline","corridor":"PUNE-DIV"},"geometry":{"type":"LineString","coordinates":[[73.354694,18.838702],[73.354014,18.839425],[73.353719,18.839757],[73.353475,18.840113],[73.353364,18.840319],[73.353271,18.840539]]}},{"type":"Feature","id":149003203,"properties":{"id":149003203,"railway":"rail","service":null,"name":null,"usage":"main","gauge":"1676","electrified":"contact_line","voltage":"25000","frequency":"50","operator":"Central Railway","highspeed":"no","tracks":1,"network_type":"mainline","corridor":"PUNE-DIV"},"geometry":{"type":"LineString","coordinates":[[73.451214,18.741115],[73.450221,18.741197],[73.446685,18.741477],[73.446031,18.741529],[73.444294,18.741715],[73.443601,18.74184],[73.433193,18.743919],[73.430687,18.744418],[73.429697,18.744609]]}},{"type":"Feature","id":149003204,"properties":{"id":149003204,"railway":"rail","service":null,"name":null,"usage":"main","gauge":"1676","electrified":"contact_line","voltage":"25000","frequency":"50","operator":"Central Railway","highspeed":"no","tracks":1,"network_type":"mainline","corridor":"PUNE-DIV"},"geometry":{"type":"LineString","coordinates":[[73.403355,18.75243],[73.40296,18.752636],[73.402718,18.752785],[73.402429,18.752944],[73.401876,18.753232],[73.401478,18.753477],[73.401212,18.753679],[73.400961,18.753891],[73.400671,18.754151],[73.400279,18.754487],[73.399518,18.755057],[73.398492,18.755757],[73.39779,18.756194],[73.397214,18.756518],[73.396578,18.756822],[73.392737,18.758552],[73.392088,18.758817],[73.391434,18.759034],[73.390864,18.759174],[73.390425,18.759243],[73.387987,18.75945],[73.387524,18.759487],[73.387054,18.759522],[73.386497,18.759499],[73.385895,18.759401],[73.385227,18.759208],[73.384818,18.759028],[73.384498,18.758859],[73.384363,18.758779],[73.383891,18.75851],[73.383506,18.758244],[73.383135,18.757924],[73.382793,18.757553],[73.382301,18.756924],[73.382034,18.756568],[73.381581,18.756155],[73.381115,18.755769],[73.38056,18.755408],[73.380011,18.755136],[73.379454,18.754916],[73.378864,18.754769],[73.378403,18.754697],[73.378061,18.754665],[73.377727,18.754657],[73.377376,18.754655],[73.377096,18.754653],[73.376711,18.754682],[73.375969,18.754788],[73.37523,18.754937],[73.374759,18.754984],[73.374482,18.754984],[73.374294,18.754978],[73.374092,18.75496],[73.373786,18.754901],[73.373522,18.754839],[73.373206,18.754732],[73.372952,18.754609],[73.37267,18.754468],[73.37236,18.754247],[73.371954,18.753901],[73.371665,18.753612]]}},{"type":"Feature","id":149003205,"properties":{"id":149003205,"railway":"rail","service":null,"name":null,"usage":"main","gauge":"1676","electrified":"contact_line","voltage":"25000","frequency":"50","operator":"Central Railway","highspeed":"no","tracks":1,"network_type":"mainline","corridor":"PUNE-DIV"},"geometry":{"type":"LineString","coordinates":[[73.373857,18.803124],[73.374015,18.803774],[73.374116,18.804495],[73.374173,18.805188],[73.374162,18.805679],[73.374084,18.806172],[73.373975,18.806673],[73.373476,18.808423],[73.373251,18.809317],[73.372938,18.810556],[73.37262,18.81175],[73.372257,18.813091],[73.372167,18.813312]]}},{"type":"Feature","id":149003211,"properties":{"id":149003211,"railway":"rail","service":null,"name":"Tunnel 51","usage":"main","gauge":"1676","electrified":"contact_line","voltage":"25000","frequency":"50","operator":"Central Railway","highspeed":"no","tracks":1,"network_type":"mainline","corridor":"PUNE-DIV"},"geometry":{"type":"LineString","coordinates":[[73.371635,18.753653],[73.371395,18.753434],[73.371115,18.753224],[73.370873,18.753095],[73.370615,18.753011],[73.370255,18.752935],[73.369888,18.752878],[73.368854,18.752835],[73.3682,18.752901],[73.367388,18.753094],[73.366757,18.753458],[73.366269,18.753894],[73.365832,18.754504],[73.36562,18.755028],[73.36557,18.755231],[73.365553,18.755368],[73.365519,18.755905]]}},{"type":"Feature","id":149003212,"properties":{"id":149003212,"railway":"rail","service":null,"name":null,"usage":"main","gauge":"1676","electrified":"contact_line","voltage":"25000","frequency":"50","operator":"Central Railway","highspeed":"no","tracks":1,"network_type":"mainline","corridor":"PUNE-DIV"},"geometry":{"type":"LineString","coordinates":[[73.367247,18.823352],[73.366725,18.823718],[73.365355,18.824495],[73.365016,18.824764],[73.364702,18.82507],[73.364455,18.825358],[73.364253,18.825652],[73.363901,18.826422],[73.363823,18.826618],[73.363723,18.826866],[73.363688,18.826929],[73.363606,18.827079],[73.362934,18.828148],[73.362318,18.829138],[73.362006,18.829618],[73.361701,18.830013],[73.361032,18.830629],[73.359102,18.831798],[73.358715,18.832128],[73.358522,18.83229],[73.358432,18.832385],[73.358336,18.832484]]}},{"type":"Feature","id":149003214,"properties":{"id":149003214,"railway":"rail","service":null,"name":null,"usage":"main","gauge":"1676","electrified":"contact_line","voltage":"25000","frequency":"50","operator":"Central Railway","highspeed":"no","tracks":1,"network_type":"mainline","corridor":"PUNE-DIV"},"geometry":{"type":"LineString","coordinates":[[73.364841,18.764321],[73.364857,18.764737],[73.364809,18.76515],[73.364492,18.766919],[73.364407,18.767474],[73.364292,18.767903],[73.364086,18.768377],[73.363566,18.769243],[73.363112,18.770126]]}},{"type":"Feature","id":149003219,"properties":{"id":149003219,"railway":"rail","service":null,"name":null,"usage":"main","gauge":"1676","electrified":"contact_line","voltage":"25000","frequency":"50","operator":"Central Railway","highspeed":"no","tracks":1,"network_type":"mainline","corridor":"PUNE-DIV"},"geometry":{"type":"LineString","coordinates":[[73.36937,18.825451],[73.369429,18.825002],[73.369585,18.824312],[73.369816,18.823422],[73.369974,18.822908],[73.370127,18.822499],[73.370481,18.821627],[73.370796,18.82096],[73.371088,18.820405],[73.371244,18.820109],[73.371315,18.819879]]}},{"type":"Feature","id":149003220,"properties":{"id":149003220,"railway":"rail","service":null,"name":"Tunnel 47 + 49","usage":"main","gauge":"1676","electrified":"contact_line","voltage":"25000","frequency":"50","operator":"Central Railway","highspeed":"no","tracks":1,"network_type":"mainline","corridor":"PUNE-DIV"},"geometry":{"type":"LineString","coordinates":[[73.364507,18.768264],[73.365196,18.767612],[73.36592,18.766945],[73.367067,18.76552],[73.367561,18.764292],[73.367816,18.76265],[73.367258,18.759055],[73.367171,18.758364],[73.367076,18.757638],[73.367099,18.756464],[73.36712,18.755986],[73.36721,18.755479],[73.367845,18.75425],[73.368297,18.753904],[73.368749,18.753681],[73.369188,18.753593],[73.369603,18.753548],[73.369956,18.753557],[73.370247,18.753594],[73.370709,18.753803],[73.371075,18.754047],[73.371399,18.754242]]}},{"type":"Feature","id":149003222,"properties":{"id":149003222,"railway":"rail","service":null,"name":"Tunnel 34","usage":"main","gauge":"1676","electrified":"contact_line","voltage":"25000","frequency":"50","operator":"Central Railway","highspeed":"no","tracks":1,"network_type":"mainline","corridor":"PUNE-DIV"},"geometry":{"type":"LineString","coordinates":[[73.371034,18.815875],[73.371101,18.815557]]}},{"type":"Feature","id":149003224,"properties":{"id":149003224,"railway":"rail","service":null,"name":"Tunnel 48","usage":"main","gauge":"1676","electrified":"contact_line","voltage":"25000","frequency":"50","operator":"Central Railway","highspeed":"no","tracks":1,"network_type":"mainline","corridor":"PUNE-DIV"},"geometry":{"type":"LineString","coordinates":[[73.363112,18.770126],[73.362712,18.771002]]}},{"type":"Feature","id":149003228,"properties":{"id":149003228,"railway":"rail","service":null,"name":null,"usage":"main","gauge":"1676","electrified":"contact_line","voltage":"25000","frequency":"50","operator":"Central Railway","highspeed":"no","tracks":1,"network_type":"mainline","corridor":"PUNE-DIV"},"geometry":{"type":"LineString","coordinates":[[73.361073,18.804229],[73.360533,18.805045]]}},{"type":"Feature","id":149003229,"properties":{"id":149003229,"railway":"rail","service":null,"name":null,"usage":"main","gauge":"1676","electrified":"contact_line","voltage":"25000","frequency":"50","operator":"Central Railway","highspeed":"no","tracks":1,"network_type":"mainline","corridor":"PUNE-DIV"},"geometry":{"type":"LineString","coordinates":[[73.371627,18.814179],[73.371475,18.814395]]}},{"type":"Feature","id":149003230,"properties":{"id":149003230,"railway":"rail","service":null,"name":null,"usage":"main","gauge":"1676","electrified":"contact_line","voltage":"25000","frequency":"50","operator":"Central Railway","highspeed":"no","tracks":1,"network_type":"mainline","corridor":"PUNE-DIV"},"geometry":{"type":"LineString","coordinates":[[73.359735,18.806241],[73.35956,18.806484]]}},{"type":"Feature","id":149003231,"properties":{"id":149003231,"railway":"rail","service":null,"name":"Tunnel 27","usage":"main","gauge":"1676","electrified":"contact_line","voltage":"25000","frequency":"50","operator":"Central Railway","highspeed":"no","tracks":1,"network_type":"mainline","corridor":"PUNE-DIV"},"geometry":{"type":"LineString","coordinates":[[73.371241,18.818691],[73.371225,18.819048],[73.371198,18.81934]]}},{"type":"Feature","id":149003232,"properties":{"id":149003232,"railway":"rail","service":null,"name":"Tunnel 33","usage":"main","gauge":"1676","electrified":"contact_line","voltage":"25000","frequency":"50","operator":"Central Railway","highspeed":"no","tracks":1,"network_type":"mainline","corridor":"PUNE-DIV"},"geometry":{"type":"LineString","coordinates":[[73.370971,18.815496],[73.370877,18.815925]]}},{"type":"Feature","id":149003234,"properties":{"id":149003234,"railway":"rail","service":null,"name":"Tunnel 41","usage":"main","gauge":"1676","electrified":"contact_line","voltage":"25000","frequency":"50","operator":"Central Railway","highspeed":"no","tracks":1,"network_type":"mainline","corridor":"PUNE-DIV"},"geometry":{"type":"LineString","coordinates":[[73.373017,18.798379],[73.372929,18.799161]]}},{"type":"Feature","id":149003235,"properties":{"id":149003235,"railway":"rail","service":null,"name":null,"usage":"main","gauge":"1676","electrified":"contact_line","voltage":"25000","frequency":"50","operator":"Central Railway","highspeed":"no","tracks":1,"network_type":"mainline","corridor":"PUNE-DIV"},"geometry":{"type":"LineString","coordinates":[[73.36873,18.820677],[73.368635,18.820947]]}},{"type":"Feature","id":149003239,"properties":{"id":149003239,"railway":"rail","service":null,"name":"Tunnel 38","usage":"main","gauge":"1676","electrified":"contact_line","voltage":"25000","frequency":"50","operator":"Central Railway","highspeed":"no","tracks":1,"network_type":"mainline","corridor":"PUNE-DIV"},"geometry":{"type":"LineString","coordinates":[[73.373631,18.802499],[73.373857,18.803124]]}},{"type":"Feature","id":149003240,"properties":{"id":149003240,"railway":"rail","service":null,"name":null,"usage":"main","gauge":"1676","electrified":"contact_line","voltage":"25000","frequency":"50","operator":"Central Railway","highspeed":"no","tracks":1,"network_type":"mainline","corridor":"PUNE-DIV"},"geometry":{"type":"LineString","coordinates":[[73.371238,18.818469],[73.371241,18.818691]]}},{"type":"Feature","id":149003241,"properties":{"id":149003241,"railway":"rail","service":null,"name":"Tunnel 31","usage":"main","gauge":"1676","electrified":"contact_line","voltage":"25000","frequency":"50","operator":"Central Railway","highspeed":"no","tracks":1,"network_type":"mainline","corridor":"PUNE-DIV"},"geometry":{"type":"LineString","coordinates":[[73.368635,18.820947],[73.368431,18.821468]]}},{"type":"Feature","id":149003243,"properties":{"id":149003243,"railway":"rail","service":null,"name":null,"usage":"main","gauge":"1676","electrified":"contact_line","voltage":"25000","frequency":"50","operator":"Central Railway","highspeed":"no","tracks":1,"network_type":"mainline","corridor":"PUNE-DIV"},"geometry":{"type":"LineString","coordinates":[[73.362712,18.771002],[73.362638,18.771307],[73.362576,18.771663],[73.362591,18.772109],[73.362602,18.772638],[73.362658,18.773229],[73.362749,18.773537],[73.362924,18.774038],[73.363174,18.77458],[73.36344,18.775023],[73.36376,18.775546],[73.364119,18.776137],[73.364521,18.776839],[73.36485,18.77763],[73.365203,18.778572],[73.365414,18.77939],[73.365672,18.780208],[73.366027,18.781825],[73.366191,18.782482],[73.366347,18.783107],[73.366427,18.783431],[73.366735,18.784433],[73.367066,18.785652],[73.367154,18.785979],[73.367274,18.786274],[73.367418,18.786741],[73.367442,18.786836],[73.367528,18.787167],[73.367654,18.787653],[73.367724,18.787899],[73.36792,18.788633],[73.367948,18.788736]]}},{"type":"Feature","id":149003246,"properties":{"id":149003246,"railway":"rail","service":null,"name":null,"usage":"main","gauge":"1676","electrified":"contact_line","voltage":"25000","frequency":"50","operator":"Central Railway","highspeed":"no","tracks":1,"network_type":"mainline","corridor":"PUNE-DIV"},"geometry":{"type":"LineString","coordinates":[[73.37107,18.820091],[73.370985,18.820356],[73.37088,18.820649],[73.370761,18.820928],[73.370428,18.821605],[73.370073,18.822501],[73.369892,18.822962],[73.369749,18.823435],[73.36953,18.824297],[73.369381,18.824992],[73.369322,18.825444]]}},{"type":"Feature","id":149003249,"properties":{"id":149003249,"railway":"rail","service":null,"name":"Viaduct 6","usage":"main","gauge":"1676","electrified":"contact_line","voltage":"25000","frequency":"50","operator":"Central Railway","highspeed":"no","tracks":1,"network_type":"mainline","corridor":"PUNE-DIV"},"geometry":{"type":"LineString","coordinates":[[73.360533,18.805045],[73.359735,18.806241]]}},{"type":"Feature","id":149003252,"properties":{"id":149003252,"railway":"rail","service":null,"name":"Tunnel 37","usage":"main","gauge":"1676","electrified":"contact_line","voltage":"25000","frequency":"50","operator":"Central Railway","highspeed":"no","tracks":1,"network_type":"mainline","corridor":"PUNE-DIV"},"geometry":{"type":"LineString","coordinates":[[73.372167,18.813312],[73.371916,18.813799],[73.371627,18.814179]]}},{"type":"Feature","id":149003254,"properties":{"id":149003254,"railway":"rail","service":null,"name":"Gambiranath Viaduct","usage":"main","gauge":"1676","electrified":"contact_line","voltage":"25000","frequency":"50","operator":"Central Railway","highspeed":"no","tracks":1,"network_type":"mainline","corridor":"PUNE-DIV"},"geometry":{"type":"LineString","coordinates":[[73.368593,18.817219],[73.368856,18.817612]]}},{"type":"Feature","id":149003255,"properties":{"id":149003255,"railway":"rail","service":null,"name":"Tunnel 28","usage":"main","gauge":"1676","electrified":"contact_line","voltage":"25000","frequency":"50","operator":"Central Railway","highspeed":"no","tracks":1,"network_type":"mainline","corridor":"PUNE-DIV"},"geometry":{"type":"LineString","coordinates":[[73.370891,18.816891],[73.371142,18.817726],[73.37122,18.818143],[73.371238,18.818469]]}},{"type":"Feature","id":149003257,"properties":{"id":149003257,"railway":"rail","service":null,"name":"Tunnel 42","usage":"main","gauge":"1676","electrified":"contact_line","voltage":"25000","frequency":"50","operator":"Central Railway","highspeed":"no","tracks":1,"network_type":"mainline","corridor":"PUNE-DIV"},"geometry":{"type":"LineString","coordinates":[[73.364068,18.793402],[73.363448,18.800511],[73.363226,18.801098],[73.361073,18.804229]]}},{"type":"Feature","id":149003263,"properties":{"id":149003263,"railway":"rail","service":null,"name":"Tunnel 29","usage":"main","gauge":"1676","electrified":"contact_line","voltage":"25000","frequency":"50","operator":"Central Railway","highspeed":"no","tracks":1,"network_type":"mainline","corridor":"PUNE-DIV"},"geometry":{"type":"LineString","coordinates":[[73.371415,18.818157],[73.371348,18.817934],[73.371147,18.817251],[73.371023,18.816809]]}},{"type":"Feature","id":149003264,"properties":{"id":149003264,"railway":"rail","service":null,"name":null,"usage":"main","gauge":"1676","electrified":"contact_line","voltage":"25000","frequency":"50","operator":"Central Railway","highspeed":"no","tracks":1,"network_type":"mainline","corridor":"PUNE-DIV"},"geometry":{"type":"LineString","coordinates":[[73.371023,18.816809],[73.370993,18.81655],[73.370982,18.816241],[73.371034,18.815875]]}},{"type":"Feature","id":149003265,"properties":{"id":149003265,"railway":"rail","service":null,"name":"Tunnel 35","usage":"main","gauge":"1676","electrified":"contact_line","voltage":"25000","frequency":"50","operator":"Central Railway","highspeed":"no","tracks":1,"network_type":"mainline","corridor":"PUNE-DIV"},"geometry":{"type":"LineString","coordinates":[[73.371475,18.814395],[73.371215,18.8148]]}},{"type":"Feature","id":149003267,"properties":{"id":149003267,"railway":"rail","service":null,"name":null,"usage":"main","gauge":"1676","electrified":"contact_line","voltage":"25000","frequency":"50","operator":"Central Railway","highspeed":"no","tracks":1,"network_type":"mainline","corridor":"PUNE-DIV"},"geometry":{"type":"LineString","coordinates":[[73.370877,18.815925],[73.370847,18.816285],[73.370852,18.816617],[73.370891,18.816891]]}},{"type":"Feature","id":149003268,"properties":{"id":149003268,"railway":"rail","service":null,"name":"Tunnel 32","usage":"main","gauge":"1676","electrified":"contact_line","voltage":"25000","frequency":"50","operator":"Central Railway","highspeed":"no","tracks":1,"network_type":"mainline","corridor":"PUNE-DIV"},"geometry":{"type":"LineString","coordinates":[[73.368912,18.817714],[73.369076,18.817968],[73.369144,18.818178],[73.369182,18.81847],[73.369185,18.818833],[73.369179,18.81916],[73.369087,18.819684],[73.36873,18.820677]]}},{"type":"Feature","id":149003273,"properties":{"id":149003273,"railway":"rail","service":null,"name":null,"usage":"main","gauge":"1676","electrified":"contact_line","voltage":"25000","frequency":"50","operator":"Central Railway","highspeed":"no","tracks":1,"network_type":"mainline","corridor":"PUNE-DIV"},"geometry":{"type":"LineString","coordinates":[[73.365519,18.755905],[73.365447,18.756282],[73.365353,18.756728],[73.365251,18.757072],[73.365217,18.757158],[73.365063,18.757457],[73.364799,18.757905]]}},{"type":"Feature","id":149003274,"properties":{"id":149003274,"railway":"rail","service":null,"name":"Tunnel 50","usage":"main","gauge":"1676","electrified":"contact_line","voltage":"25000","frequency":"50","operator":"Central Railway","highspeed":"no","tracks":1,"network_type":"mainline","corridor":"PUNE-DIV"},"geometry":{"type":"LineString","coordinates":[[73.364799,18.757905],[73.364424,18.758469],[73.363916,18.759278],[73.363672,18.760106],[73.363519,18.760954]]}},{"type":"Feature","id":149003275,"properties":{"id":149003275,"railway":"rail","service":null,"name":"Tunnel 36","usage":"main","gauge":"1676","electrified":"contact_line","voltage":"25000","frequency":"50","operator":"Central Railway","highspeed":"no","tracks":1,"network_type":"mainline","corridor":"PUNE-DIV"},"geometry":{"type":"LineString","coordinates":[[73.366235,18.815831],[73.366572,18.815866],[73.366889,18.815924],[73.367167,18.816018],[73.367421,18.816137],[73.367714,18.816335],[73.367923,18.816482],[73.368135,18.816693],[73.368273,18.816837]]}},{"type":"Feature","id":149003277,"properties":{"id":149003277,"railway":"rail","service":null,"name":null,"usage":"main","gauge":"1676","electrified":"contact_line","voltage":"25000","frequency":"50","operator":"Central Railway","highspeed":"no","tracks":1,"network_type":"mainline","corridor":"PUNE-DIV"},"geometry":{"type":"LineString","coordinates":[[73.368542,18.790758],[73.368677,18.791066],[73.368803,18.791305],[73.368983,18.791584],[73.369175,18.791834],[73.369456,18.792173],[73.369908,18.792541],[73.37029,18.792824]]}},{"type":"Feature","id":149003279,"properties":{"id":149003279,"railway":"rail","service":null,"name":"Tunnel 46","usage":"main","gauge":"1676","electrified":"contact_line","voltage":"25000","frequency":"50","operator":"Central Railway","highspeed":"no","tracks":1,"network_type":"mainline","corridor":"PUNE-DIV"},"geometry":{"type":"LineString","coordinates":[[73.362703,18.77324],[73.362716,18.772986],[73.362679,18.772532],[73.362712,18.77199],[73.362781,18.771583],[73.362897,18.771163],[73.363267,18.770219]]}},{"type":"Feature","id":149003282,"properties":{"id":149003282,"railway":"rail","service":null,"name":null,"usage":"main","gauge":"1676","electrified":"contact_line","voltage":"25000","frequency":"50","operator":"Central Railway","highspeed":"no","tracks":1,"network_type":"mainline","corridor":"PUNE-DIV"},"geometry":{"type":"LineString","coordinates":[[73.363267,18.770219],[73.363517,18.769537],[73.363652,18.769289],[73.363854,18.768951],[73.364086,18.768686],[73.364322,18.768449],[73.364507,18.768264]]}},{"type":"Feature","id":149003283,"properties":{"id":149003283,"railway":"rail","service":null,"name":"Tunnel 43","usage":"main","gauge":"1676","electrified":"contact_line","voltage":"25000","frequency":"50","operator":"Central Railway","highspeed":"no","tracks":1,"network_type":"mainline","corridor":"PUNE-DIV"},"geometry":{"type":"LineString","coordinates":[[73.371101,18.815557],[73.371211,18.815185],[73.371443,18.814768],[73.372045,18.813819],[73.372236,18.813439],[73.372369,18.813122],[73.372451,18.812815],[73.372537,18.81239],[73.372613,18.812052],[73.372662,18.811772],[73.372982,18.810569],[73.373522,18.80845],[73.37415,18.806188],[73.374253,18.805675],[73.374285,18.805185],[73.374212,18.804462],[73.374117,18.803786],[73.374072,18.803412],[73.373996,18.803082],[73.373903,18.802843],[73.373718,18.802469],[73.373424,18.801919],[73.373282,18.801548],[73.373088,18.800946],[73.373001,18.800427],[73.37298,18.799809],[73.373023,18.799511],[73.373093,18.799033],[73.373114,18.798368],[73.373044,18.797253],[73.372978,18.796674],[73.372867,18.796106],[73.372683,18.795465],[73.372449,18.794913],[73.372157,18.794322]]}},{"type":"Feature","id":149003287,"properties":{"id":149003287,"railway":"rail","service":null,"name":null,"usage":"main","gauge":"1676","electrified":"contact_line","voltage":"25000","frequency":"50","operator":"Central Railway","highspeed":"no","tracks":1,"network_type":"mainline","corridor":"PUNE-DIV"},"geometry":{"type":"LineString","coordinates":[[73.360275,18.81568],[73.361008,18.815943],[73.361289,18.816013],[73.361529,18.816046],[73.362053,18.816044],[73.365837,18.815815],[73.366235,18.815831]]}},{"type":"Feature","id":149003290,"properties":{"id":149003290,"railway":"rail","service":null,"name":"Tunnel 40","usage":"main","gauge":"1676","electrified":"contact_line","voltage":"25000","frequency":"50","operator":"Central Railway","highspeed":"no","tracks":1,"network_type":"mainline","corridor":"PUNE-DIV"},"geometry":{"type":"LineString","coordinates":[[73.35956,18.806484],[73.359383,18.806756],[73.358116,18.809035],[73.357806,18.809699],[73.357603,18.810274],[73.357569,18.810429]]}},{"type":"Feature","id":149003292,"properties":{"id":149003292,"railway":"rail","service":null,"name":null,"usage":"main","gauge":"1676","electrified":"contact_line","voltage":"25000","frequency":"50","operator":"Central Railway","highspeed":"no","tracks":1,"network_type":"mainline","corridor":"PUNE-DIV"},"geometry":{"type":"LineString","coordinates":[[73.372929,18.799161],[73.372899,18.799805],[73.372928,18.800441],[73.373047,18.800972],[73.373236,18.801558],[73.373379,18.80193],[73.373631,18.802499]]}},{"type":"Feature","id":149003294,"properties":{"id":149003294,"railway":"rail","service":null,"name":null,"usage":"main","gauge":"1676","electrified":"contact_line","voltage":"25000","frequency":"50","operator":"Central Railway","highspeed":"no","tracks":1,"network_type":"mainline","corridor":"PUNE-DIV"},"geometry":{"type":"LineString","coordinates":[[73.372109,18.794348],[73.372379,18.794948],[73.372625,18.7955],[73.372806,18.796123],[73.372921,18.796693],[73.372982,18.797233],[73.373019,18.797812],[73.373017,18.798379]]}},{"type":"Feature","id":151717159,"properties":{"id":151717159,"railway":"rail","service":null,"name":"Pune - Daund Railway Line","usage":"main","gauge":"1676","electrified":"contact_line","voltage":"25000","frequency":"50","operator":"Central Railway","highspeed":"no","tracks":1,"network_type":"mainline","corridor":"PUNE-LNL"},"geometry":{"type":"LineString","coordinates":[[74.015565,18.493276],[74.018141,18.492147],[74.019834,18.491412],[74.020602,18.491088],[74.020901,18.49097],[74.021269,18.490831],[74.021838,18.490633],[74.022812,18.490324],[74.023292,18.490184],[74.023933,18.490023],[74.024224,18.48995],[74.024615,18.489876],[74.025376,18.489746]]}},{"type":"Feature","id":214946479,"properties":{"id":214946479,"railway":"rail","service":"yard","name":null,"usage":"service","gauge":"1676","electrified":"contact_line","voltage":"25000","frequency":"50","operator":"Central Railway","highspeed":"no","tracks":1,"network_type":"yard_loop","corridor":"PUNE-DIV"},"geometry":{"type":"LineString","coordinates":[[73.843357,18.559459],[73.843191,18.559642],[73.842998,18.559879],[73.84278,18.560179],[73.8425,18.560542],[73.842464,18.560594],[73.842089,18.561084],[73.841306,18.56213],[73.839409,18.564823],[73.83932,18.564952],[73.839217,18.565119],[73.839099,18.565279],[73.838988,18.565459],[73.838785,18.565874],[73.838502,18.5665],[73.838398,18.566793],[73.838264,18.567075],[73.838114,18.567475]]}},{"type":"Feature","id":216121849,"properties":{"id":216121849,"railway":"rail","service":"yard","name":null,"usage":"service","gauge":"1676","electrified":"contact_line","voltage":"25000","frequency":"50","operator":"Central Railway","highspeed":"no","tracks":1,"network_type":"yard_loop","corridor":"PUNE-DIV"},"geometry":{"type":"LineString","coordinates":[[73.86455,18.528487],[73.864965,18.528521],[73.865207,18.528548],[73.865736,18.528586],[73.866581,18.528639],[73.867706,18.528712],[73.868495,18.528757],[73.868952,18.528781],[73.869271,18.528789],[73.86958,18.528811]]}},{"type":"Feature","id":216121852,"properties":{"id":216121852,"railway":"rail","service":null,"name":null,"usage":"main","gauge":"1676","electrified":"contact_line","voltage":"25000","frequency":"50","operator":"Central Railway","highspeed":"no","tracks":1,"network_type":"mainline","corridor":"PUNE-DIV"},"geometry":{"type":"LineString","coordinates":[[73.880265,18.530762],[73.88088,18.530965],[73.881273,18.531084],[73.881665,18.5312],[73.882118,18.531325],[73.882713,18.531448]]}},{"type":"Feature","id":216121854,"properties":{"id":216121854,"railway":"rail","service":null,"name":null,"usage":"main","gauge":"1676","electrified":"contact_line","voltage":"25000","frequency":"50","operator":"Central Railway","highspeed":"no","tracks":1,"network_type":"mainline","corridor":"PUNE-DIV"},"geometry":{"type":"LineString","coordinates":[[73.881665,18.5312],[73.882187,18.53131],[73.882546,18.531385],[73.882933,18.531451],[73.883487,18.53153],[73.883857,18.531569],[73.884526,18.531619],[73.884799,18.53164],[73.885305,18.531668],[73.885885,18.531634]]}},{"type":"Feature","id":216121857,"properties":{"id":216121857,"railway":"rail","service":null,"name":null,"usage":"main","gauge":"1676","electrified":"contact_line","voltage":"25000","frequency":"50","operator":"Central Railway","highspeed":"no","tracks":1,"network_type":"mainline","corridor":"PUNE-DIV"},"geometry":{"type":"LineString","coordinates":[[73.869376,18.529107],[73.869854,18.529135],[73.870541,18.529099],[73.871102,18.529069],[73.871531,18.529076],[73.872064,18.529102],[73.87333,18.529166],[73.874469,18.529222],[73.87501,18.529277],[73.875642,18.529379],[73.876046,18.529464],[73.876529,18.52953]]}},{"type":"Feature","id":216121860,"properties":{"id":216121860,"railway":"rail","service":null,"name":"Pune - Miraj Railway Line","usage":"main","gauge":"1676","electrified":"contact_line","voltage":"25000","frequency":"50","operator":"Central Railway","highspeed":"no","tracks":1,"network_type":"mainline","corridor":"PUNE-LNL"},"geometry":{"type":"LineString","coordinates":[[73.885885,18.531634],[73.886199,18.531568],[73.886455,18.531499],[73.886775,18.531392],[73.890062,18.529966],[73.891098,18.529501],[73.891862,18.52908],[73.892398,18.528811],[73.892779,18.528637],[73.893903,18.528129],[73.894512,18.527854],[73.894917,18.527686],[73.895155,18.527598],[73.895427,18.527514],[73.895706,18.527444],[73.896792,18.527185],[73.896974,18.527143],[73.897218,18.527057],[73.897273,18.527038],[73.897444,18.526972],[73.897655,18.526886],[73.897848,18.526785],[73.898085,18.526638],[73.898266,18.52652],[73.898466,18.526367],[73.898601,18.526261],[73.898751,18.526124],[73.898899,18.525973],[73.899022,18.525834],[73.899143,18.525692],[73.899382,18.525359],[73.899484,18.525205],[73.900613,18.523548],[73.90086,18.523181]]}},{"type":"Feature","id":216121862,"properties":{"id":216121862,"railway":"rail","service":"yard","name":null,"usage":"service","gauge":"1676","electrified":"contact_line","voltage":"25000","frequency":"50","operator":"Central Railway","highspeed":"no","tracks":1,"network_type":"yard_loop","corridor":"PUNE-DIV"},"geometry":{"type":"LineString","coordinates":[[73.885885,18.531634],[73.886228,18.531616],[73.886691,18.531529],[73.88688,18.531468],[73.887243,18.531314],[73.887602,18.531189],[73.888146,18.530972],[73.888727,18.530667],[73.889128,18.530457],[73.890063,18.530038],[73.890952,18.529655]]}},{"type":"Feature","id":216121865,"properties":{"id":216121865,"railway":"rail","service":"yard","name":null,"usage":"service","gauge":"1676","electrified":"contact_line","voltage":"25000","frequency":"50","operator":"Central Railway","highspeed":"no","tracks":1,"network_type":"yard_loop","corridor":"PUNE-DIV"},"geometry":{"type":"LineString","coordinates":[[73.879338,18.530403],[73.879512,18.530445],[73.879994,18.530627],[73.880361,18.530745],[73.88091,18.530926],[73.881334,18.531051],[73.88175,18.531165],[73.882085,18.531247],[73.882555,18.531342],[73.88293,18.531405],[73.883852,18.531489]]}},{"type":"Feature","id":216121876,"properties":{"id":216121876,"railway":"rail","service":null,"name":null,"usage":"main","gauge":"1676","electrified":"contact_line","voltage":"25000","frequency":"50","operator":"Central Railway","highspeed":"no","tracks":1,"network_type":"mainline","corridor":"PUNE-DIV"},"geometry":{"type":"LineString","coordinates":[[73.871691,18.528984],[73.871883,18.528978],[73.872056,18.528973],[73.874037,18.529079],[73.874499,18.529104],[73.875023,18.529157],[73.875439,18.529223],[73.876073,18.529345],[73.876745,18.529498],[73.877155,18.529628],[73.878025,18.529904],[73.879033,18.530298],[73.879338,18.530403]]}},{"type":"Feature","id":216121880,"properties":{"id":216121880,"railway":"rail","service":"yard","name":null,"usage":"service","gauge":"1676","electrified":"contact_line","voltage":"25000","frequency":"50","operator":"Central Railway","highspeed":"no","tracks":1,"network_type":"yard_loop","corridor":"PUNE-DIV"},"geometry":{"type":"LineString","coordinates":[[73.892165,18.529532],[73.892826,18.529388],[73.893303,18.529245],[73.894094,18.52899],[73.894951,18.52867],[73.895582,18.528407],[73.896027,18.528132],[73.896234,18.527981],[73.896467,18.527693],[73.896583,18.527574],[73.896795,18.527414],[73.897071,18.527248]]}},{"type":"Feature","id":216121882,"properties":{"id":216121882,"railway":"rail","service":"yard","name":null,"usage":"service","gauge":"1676","electrified":"contact_line","voltage":"25000","frequency":"50","operator":"Central Railway","highspeed":"no","tracks":1,"network_type":"yard_loop","corridor":"PUNE-DIV"},"geometry":{"type":"LineString","coordinates":[[73.863748,18.528612],[73.863997,18.528563],[73.864272,18.528547],[73.864597,18.528558],[73.865001,18.528578],[73.865478,18.528616],[73.866132,18.528662],[73.866574,18.528688],[73.867697,18.528758],[73.868489,18.528796],[73.869307,18.528839],[73.869828,18.528858]]}},{"type":"Feature","id":216121885,"properties":{"id":216121885,"railway":"rail","service":"yard","name":null,"usage":"service","gauge":"1676","electrified":"contact_line","voltage":"25000","frequency":"50","operator":"Central Railway","highspeed":"no","tracks":1,"network_type":"yard_loop","corridor":"PUNE-DIV"},"geometry":{"type":"LineString","coordinates":[[73.888146,18.531028],[73.888718,18.530722],[73.888966,18.530628],[73.889169,18.53056],[73.889193,18.530555],[73.889471,18.530491],[73.889844,18.530409],[73.893756,18.529225],[73.894985,18.528826],[73.895506,18.528635],[73.895845,18.528458],[73.896124,18.528257],[73.896394,18.52796]]}},{"type":"Feature","id":216121886,"properties":{"id":216121886,"railway":"rail","service":"yard","name":null,"usage":"service","gauge":"1676","electrified":"contact_line","voltage":"25000","frequency":"50","operator":"Central Railway","highspeed":"no","tracks":1,"network_type":"yard_loop","corridor":"PUNE-DIV"},"geometry":{"type":"LineString","coordinates":[[73.879801,18.5305],[73.880102,18.530585],[73.880402,18.530661],[73.880944,18.530834],[73.881366,18.530967],[73.881711,18.531052],[73.882105,18.531146],[73.882622,18.531259],[73.883424,18.531401],[73.883852,18.531489],[73.884822,18.53155],[73.885264,18.531574],[73.885642,18.53156]]}},{"type":"Feature","id":216121887,"properties":{"id":216121887,"railway":"rail","service":"yard","name":null,"usage":"service","gauge":"1676","electrified":"contact_line","voltage":"25000","frequency":"50","operator":"Central Railway","highspeed":"no","tracks":1,"network_type":"yard_loop","corridor":"PUNE-DIV"},"geometry":{"type":"LineString","coordinates":[[73.863495,18.528614],[73.863748,18.528612],[73.864236,18.528595],[73.864608,18.528602],[73.865008,18.528624],[73.865492,18.528663],[73.866135,18.528708],[73.866579,18.528735],[73.867704,18.528809],[73.868479,18.52885],[73.869019,18.528874],[73.86982,18.528918],[73.870309,18.528938],[73.87057,18.52895]]}},{"type":"Feature","id":216121890,"properties":{"id":216121890,"railway":"rail","service":"yard","name":null,"usage":"service","gauge":"1676","electrified":"contact_line","voltage":"25000","frequency":"50","operator":"Central Railway","highspeed":"no","tracks":1,"network_type":"yard_loop","corridor":"PUNE-DIV"},"geometry":{"type":"LineString","coordinates":[[73.883523,18.53162],[73.883746,18.531648],[73.884215,18.531704],[73.88471,18.531767],[73.885157,18.531794],[73.885497,18.531803],[73.886076,18.531777],[73.886367,18.531733],[73.886446,18.531713],[73.886811,18.531617],[73.887139,18.531478],[73.887332,18.531377],[73.887761,18.531244],[73.887932,18.531148],[73.888146,18.531028]]}},{"type":"Feature","id":216121892,"properties":{"id":216121892,"railway":"rail","service":"yard","name":null,"usage":"service","gauge":"1676","electrified":"contact_line","voltage":"25000","frequency":"50","operator":"Central Railway","highspeed":"no","tracks":1,"network_type":"yard_loop","corridor":"PUNE-DIV"},"geometry":{"type":"LineString","coordinates":[[73.863453,18.528662],[73.863541,18.528667],[73.863677,18.528676],[73.86409,18.528692],[73.864444,18.528712],[73.86483,18.528726],[73.865481,18.528765],[73.866143,18.52881],[73.868381,18.528937],[73.868705,18.528952],[73.869021,18.528971],[73.869362,18.528988],[73.869865,18.528976],[73.8703,18.528967]]}},{"type":"Feature","id":216121897,"properties":{"id":216121897,"railway":"rail","service":"yard","name":null,"usage":"service","gauge":"1676","electrified":"contact_line","voltage":"25000","frequency":"50","operator":"Central Railway","highspeed":"no","tracks":1,"network_type":"yard_loop","corridor":"PUNE-DIV"},"geometry":{"type":"LineString","coordinates":[[73.865057,18.528286],[73.865542,18.528227],[73.865638,18.528216],[73.866227,18.528183],[73.866646,18.528187],[73.868074,18.528289],[73.868878,18.528417],[73.869478,18.528565],[73.869935,18.528645],[73.870287,18.528655],[73.870449,18.528659],[73.870595,18.528661],[73.87073,18.528662],[73.870855,18.528664],[73.871225,18.528657],[73.872552,18.528563]]}},{"type":"Feature","id":216121900,"properties":{"id":216121900,"railway":"rail","service":"yard","name":null,"usage":"service","gauge":"1676","electrified":"contact_line","voltage":"25000","frequency":"50","operator":"Central Railway","highspeed":"no","tracks":1,"network_type":"yard_loop","corridor":"PUNE-DIV"},"geometry":{"type":"LineString","coordinates":[[73.895448,18.528807],[73.895752,18.528637]]}},{"type":"Feature","id":216121902,"properties":{"id":216121902,"railway":"rail","service":"yard","name":null,"usage":"service","gauge":"1676","electrified":"contact_line","voltage":"25000","frequency":"50","operator":"Central Railway","highspeed":"no","tracks":1,"network_type":"yard_loop","corridor":"PUNE-DIV"},"geometry":{"type":"LineString","coordinates":[[73.863254,18.52865],[73.863453,18.528662]]}},{"type":"Feature","id":216121904,"properties":{"id":216121904,"railway":"rail","service":"yard","name":null,"usage":"service","gauge":"1676","electrified":"contact_line","voltage":"25000","frequency":"50","operator":"Central Railway","highspeed":"no","tracks":1,"network_type":"yard_loop","corridor":"PUNE-DIV"},"geometry":{"type":"LineString","coordinates":[[73.888875,18.531211],[73.888525,18.531256]]}},{"type":"Feature","id":216121906,"properties":{"id":216121906,"railway":"rail","service":"yard","name":null,"usage":"service","gauge":"1676","electrified":"contact_line","voltage":"25000","frequency":"50","operator":"Central Railway","highspeed":"no","tracks":1,"network_type":"yard_loop","corridor":"PUNE-DIV"},"geometry":{"type":"LineString","coordinates":[[73.896748,18.530454],[73.89709,18.530407]]}},{"type":"Feature","id":216121907,"properties":{"id":216121907,"railway":"rail","service":"yard","name":null,"usage":"service","gauge":"1676","electrified":"contact_line","voltage":"25000","frequency":"50","operator":"Central Railway","highspeed":"no","tracks":1,"network_type":"yard_loop","corridor":"PUNE-DIV"},"geometry":{"type":"LineString","coordinates":[[73.886691,18.531529],[73.887096,18.53144]]}},{"type":"Feature","id":216121908,"properties":{"id":216121908,"railway":"rail","service":"yard","name":null,"usage":"service","gauge":"1676","electrified":"contact_line","voltage":"25000","frequency":"50","operator":"Central Railway","highspeed":"no","tracks":1,"network_type":"yard_loop","corridor":"PUNE-DIV"},"geometry":{"type":"LineString","coordinates":[[73.89329,18.528959],[73.893861,18.528793]]}},{"type":"Feature","id":216121909,"properties":{"id":216121909,"railway":"rail","service":"yard","name":null,"usage":"service","gauge":"1676","electrified":"contact_line","voltage":"25000","frequency":"50","operator":"Central Railway","highspeed":"no","tracks":1,"network_type":"yard_loop","corridor":"PUNE-DIV"},"geometry":{"type":"LineString","coordinates":[[73.869726,18.528701],[73.870287,18.528655]]}},{"type":"Feature","id":216121910,"properties":{"id":216121910,"railway":"rail","service":"yard","name":null,"usage":"service","gauge":"1676","electrified":"contact_line","voltage":"25000","frequency":"50","operator":"Central Railway","highspeed":"no","tracks":1,"network_type":"yard_loop","corridor":"PUNE-DIV"},"geometry":{"type":"LineString","coordinates":[[73.869855,18.529314],[73.870434,18.52944]]}},{"type":"Feature","id":216121911,"properties":{"id":216121911,"railway":"rail","service":"yard","name":null,"usage":"service","gauge":"1676","electrified":"contact_line","voltage":"25000","frequency":"50","operator":"Central Railway","highspeed":"no","tracks":1,"network_type":"yard_loop","corridor":"PUNE-DIV"},"geometry":{"type":"LineString","coordinates":[[73.888828,18.531341],[73.88977,18.531269]]}},{"type":"Feature","id":216121913,"properties":{"id":216121913,"railway":"rail","service":"yard","name":null,"usage":"service","gauge":"1676","electrified":"contact_line","voltage":"25000","frequency":"50","operator":"Central Railway","highspeed":"no","tracks":1,"network_type":"yard_loop","corridor":"PUNE-DIV"},"geometry":{"type":"LineString","coordinates":[[73.895795,18.528853],[73.896165,18.528788]]}},{"type":"Feature","id":216121914,"properties":{"id":216121914,"railway":"rail","service":"yard","name":null,"usage":"service","gauge":"1676","electrified":"contact_line","voltage":"25000","frequency":"50","operator":"Central Railway","highspeed":"no","tracks":1,"network_type":"yard_loop","corridor":"PUNE-DIV"},"geometry":{"type":"LineString","coordinates":[[73.895745,18.527878],[73.896795,18.527414]]}},{"type":"Feature","id":216121916,"properties":{"id":216121916,"railway":"rail","service":"yard","name":null,"usage":"service","gauge":"1676","electrified":"contact_line","voltage":"25000","frequency":"50","operator":"Central Railway","highspeed":"no","tracks":1,"network_type":"yard_loop","corridor":"PUNE-DIV"},"geometry":{"type":"LineString","coordinates":[[73.863254,18.528611],[73.863459,18.528614]]}},{"type":"Feature","id":216121917,"properties":{"id":216121917,"railway":"rail","service":"yard","name":null,"usage":"service","gauge":"1676","electrified":"contact_line","voltage":"25000","frequency":"50","operator":"Central Railway","highspeed":"no","tracks":1,"network_type":"yard_loop","corridor":"PUNE-DIV"},"geometry":{"type":"LineString","coordinates":[[73.889146,18.531195],[73.888875,18.531211]]}},{"type":"Feature","id":216121919,"properties":{"id":216121919,"railway":"rail","service":"yard","name":null,"usage":"service","gauge":"1676","electrified":"contact_line","voltage":"25000","frequency":"50","operator":"Central Railway","highspeed":"no","tracks":1,"network_type":"yard_loop","corridor":"PUNE-DIV"},"geometry":{"type":"LineString","coordinates":[[73.870049,18.529173],[73.870414,18.529171]]}},{"type":"Feature","id":216121921,"properties":{"id":216121921,"railway":"rail","service":"yard","name":null,"usage":"service","gauge":"1676","electrified":"contact_line","voltage":"25000","frequency":"50","operator":"Central Railway","highspeed":"no","tracks":1,"network_type":"yard_loop","corridor":"PUNE-DIV"},"geometry":{"type":"LineString","coordinates":[[73.879801,18.5305],[73.879512,18.530445]]}},{"type":"Feature","id":216121925,"properties":{"id":216121925,"railway":"rail","service":"yard","name":null,"usage":"service","gauge":"1676","electrified":"contact_line","voltage":"25000","frequency":"50","operator":"Central Railway","highspeed":"no","tracks":1,"network_type":"yard_loop","corridor":"PUNE-DIV"},"geometry":{"type":"LineString","coordinates":[[73.869726,18.528701],[73.869412,18.528683]]}},{"type":"Feature","id":216121927,"properties":{"id":216121927,"railway":"rail","service":null,"name":null,"usage":"main","gauge":"1676","electrified":"contact_line","voltage":"25000","frequency":"50","operator":"Central Railway","highspeed":"no","tracks":1,"network_type":"mainline","corridor":"PUNE-DIV"},"geometry":{"type":"LineString","coordinates":[[73.879603,18.530547],[73.879338,18.530403]]}},{"type":"Feature","id":216121930,"properties":{"id":216121930,"railway":"rail","service":"yard","name":null,"usage":"service","gauge":"1676","electrified":"contact_line","voltage":"25000","frequency":"50","operator":"Central Railway","highspeed":"no","tracks":1,"network_type":"yard_loop","corridor":"PUNE-DIV"},"geometry":{"type":"LineString","coordinates":[[73.868917,18.528598],[73.869246,18.528664]]}},{"type":"Feature","id":216121932,"properties":{"id":216121932,"railway":"rail","service":"yard","name":null,"usage":"service","gauge":"1676","electrified":"contact_line","voltage":"25000","frequency":"50","operator":"Central Railway","highspeed":"no","tracks":1,"network_type":"yard_loop","corridor":"PUNE-DIV"},"geometry":{"type":"LineString","coordinates":[[73.869319,18.529274],[73.870237,18.529446]]}},{"type":"Feature","id":216121933,"properties":{"id":216121933,"railway":"rail","service":"yard","name":null,"usage":"service","gauge":"1676","electrified":"contact_line","voltage":"25000","frequency":"50","operator":"Central Railway","highspeed":"no","tracks":1,"network_type":"yard_loop","corridor":"PUNE-DIV"},"geometry":{"type":"LineString","coordinates":[[73.888037,18.53137],[73.888499,18.531353]]}},{"type":"Feature","id":216121934,"properties":{"id":216121934,"railway":"rail","service":"yard","name":null,"usage":"service","gauge":"1676","electrified":"contact_line","voltage":"25000","frequency":"50","operator":"Central Railway","highspeed":"no","tracks":1,"network_type":"yard_loop","corridor":"PUNE-DIV"},"geometry":{"type":"LineString","coordinates":[[73.89709,18.530407],[73.897918,18.530456]]}},{"type":"Feature","id":216121935,"properties":{"id":216121935,"railway":"rail","service":"yard","name":null,"usage":"service","gauge":"1676","electrified":"contact_line","voltage":"25000","frequency":"50","operator":"Central Railway","highspeed":"no","tracks":1,"network_type":"yard_loop","corridor":"PUNE-DIV"},"geometry":{"type":"LineString","coordinates":[[73.863459,18.528614],[73.863495,18.528614]]}},{"type":"Feature","id":216121937,"properties":{"id":216121937,"railway":"rail","service":"yard","name":null,"usage":"service","gauge":"1676","electrified":"contact_line","voltage":"25000","frequency":"50","operator":"Central Railway","highspeed":"no","tracks":1,"network_type":"yard_loop","corridor":"PUNE-DIV"},"geometry":{"type":"LineString","coordinates":[[73.862943,18.528595],[73.863212,18.528648]]}},{"type":"Feature","id":216121939,"properties":{"id":216121939,"railway":"rail","service":"yard","name":null,"usage":"service","gauge":"1676","electrified":"contact_line","voltage":"25000","frequency":"50","operator":"Central Railway","highspeed":"no","tracks":1,"network_type":"yard_loop","corridor":"PUNE-DIV"},"geometry":{"type":"LineString","coordinates":[[73.889171,18.531152],[73.888875,18.531211]]}},{"type":"Feature","id":216121941,"properties":{"id":216121941,"railway":"rail","service":"yard","name":null,"usage":"service","gauge":"1676","electrified":"contact_line","voltage":"25000","frequency":"50","operator":"Central Railway","highspeed":"no","tracks":1,"network_type":"yard_loop","corridor":"PUNE-DIV"},"geometry":{"type":"LineString","coordinates":[[73.862056,18.528301],[73.862294,18.528416]]}},{"type":"Feature","id":216121943,"properties":{"id":216121943,"railway":"rail","service":"yard","name":null,"usage":"service","gauge":"1676","electrified":"contact_line","voltage":"25000","frequency":"50","operator":"Central Railway","highspeed":"no","tracks":1,"network_type":"yard_loop","corridor":"PUNE-DIV"},"geometry":{"type":"LineString","coordinates":[[73.867254,18.529354],[73.866948,18.529398]]}},{"type":"Feature","id":216121946,"properties":{"id":216121946,"railway":"rail","service":null,"name":null,"usage":"main","gauge":"1676","electrified":"contact_line","voltage":"25000","frequency":"50","operator":"Central Railway","highspeed":"no","tracks":1,"network_type":"mainline","corridor":"PUNE-DIV"},"geometry":{"type":"LineString","coordinates":[[73.877178,18.529826],[73.877452,18.529905],[73.878381,18.530223],[73.878727,18.530338],[73.879099,18.530461],[73.879502,18.530598],[73.879949,18.530796],[73.880301,18.530929],[73.880863,18.531115],[73.881633,18.53134],[73.882152,18.531448],[73.882523,18.531522],[73.883256,18.531648],[73.883539,18.531699],[73.884198,18.531791],[73.884713,18.531869],[73.885164,18.531903],[73.885504,18.531915],[73.886094,18.5319],[73.886737,18.531845],[73.887286,18.531781],[73.887958,18.531699],[73.888673,18.531608],[73.889512,18.531509],[73.890691,18.531377],[73.894396,18.530939],[73.895223,18.530825],[73.896566,18.530668],[73.898004,18.530494],[73.898882,18.530382],[73.900971,18.530106]]}},{"type":"Feature","id":216121948,"properties":{"id":216121948,"railway":"rail","service":"yard","name":null,"usage":"service","gauge":"1676","electrified":"contact_line","voltage":"25000","frequency":"50","operator":"Central Railway","highspeed":"no","tracks":1,"network_type":"yard_loop","corridor":"PUNE-DIV"},"geometry":{"type":"LineString","coordinates":[[73.869547,18.529383],[73.869986,18.529459]]}},{"type":"Feature","id":216121950,"properties":{"id":216121950,"railway":"rail","service":"yard","name":null,"usage":"service","gauge":"1676","electrified":"contact_line","voltage":"25000","frequency":"50","operator":"Central Railway","highspeed":"no","tracks":1,"network_type":"yard_loop","corridor":"PUNE-DIV"},"geometry":{"type":"LineString","coordinates":[[73.869828,18.528858],[73.870119,18.528868]]}},{"type":"Feature","id":216121952,"properties":{"id":216121952,"railway":"rail","service":null,"name":"Mumbai–Pune Railway","usage":"main","gauge":"1676","electrified":"contact_line","voltage":"25000","frequency":"50","operator":"Central Railway","highspeed":"no","tracks":1,"network_type":"mainline","corridor":"PUNE-LNL"},"geometry":{"type":"LineString","coordinates":[[73.861531,18.528608],[73.859307,18.528509]]}},{"type":"Feature","id":216121954,"properties":{"id":216121954,"railway":"rail","service":"yard","name":null,"usage":"service","gauge":"1676","electrified":"contact_line","voltage":"25000","frequency":"50","operator":"Central Railway","highspeed":"no","tracks":1,"network_type":"yard_loop","corridor":"PUNE-DIV"},"geometry":{"type":"LineString","coordinates":[[73.869246,18.528664],[73.869412,18.528683]]}},{"type":"Feature","id":216121959,"properties":{"id":216121959,"railway":"rail","service":null,"name":"Mumbai–Pune Railway","usage":"main","gauge":"1676","electrified":"contact_line","voltage":"25000","frequency":"50","operator":"Central Railway","highspeed":"no","tracks":1,"network_type":"mainline","corridor":"PUNE-LNL"},"geometry":{"type":"LineString","coordinates":[[73.863448,18.528716],[73.863254,18.528706]]}},{"type":"Feature","id":216121961,"properties":{"id":216121961,"railway":"rail","service":null,"name":null,"usage":"main","gauge":"1676","electrified":"contact_line","voltage":"25000","frequency":"50","operator":"Central Railway","highspeed":"no","tracks":1,"network_type":"mainline","corridor":"PUNE-DIV"},"geometry":{"type":"LineString","coordinates":[[73.901502,18.529968],[73.902011,18.529953]]}},{"type":"Feature","id":216121965,"properties":{"id":216121965,"railway":"rail","service":"yard","name":null,"usage":"service","gauge":"1676","electrified":"contact_line","voltage":"25000","frequency":"50","operator":"Central Railway","highspeed":"no","tracks":1,"network_type":"yard_loop","corridor":"PUNE-DIV"},"geometry":{"type":"LineString","coordinates":[[73.8703,18.528967],[73.87066,18.528997]]}},{"type":"Feature","id":216121967,"properties":{"id":216121967,"railway":"rail","service":"yard","name":null,"usage":"service","gauge":"1676","electrified":"contact_line","voltage":"25000","frequency":"50","operator":"Central Railway","highspeed":"no","tracks":1,"network_type":"yard_loop","corridor":"PUNE-DIV"},"geometry":{"type":"LineString","coordinates":[[73.892809,18.529074],[73.89329,18.528959]]}},{"type":"Feature","id":216121970,"properties":{"id":216121970,"railway":"rail","service":null,"name":"Mumbai-Pune Railway","usage":"main","gauge":"1676","electrified":"contact_line","voltage":"25000","frequency":"50","operator":"Central Railway","highspeed":"no","tracks":1,"network_type":"mainline","corridor":"PUNE-LNL"},"geometry":{"type":"LineString","coordinates":[[73.879033,18.530298],[73.878418,18.530092],[73.877999,18.529942],[73.877747,18.529865],[73.877488,18.529786],[73.877246,18.5297],[73.876828,18.529567],[73.876542,18.52949],[73.876064,18.529384],[73.87543,18.529255],[73.875027,18.52919],[73.874506,18.529138],[73.872051,18.529006],[73.87188,18.528996],[73.871691,18.528984]]}},{"type":"Feature","id":216121979,"properties":{"id":216121979,"railway":"rail","service":"yard","name":null,"usage":"service","gauge":"1676","electrified":"contact_line","voltage":"25000","frequency":"50","operator":"Central Railway","highspeed":"no","tracks":1,"network_type":"yard_loop","corridor":"PUNE-DIV"},"geometry":{"type":"LineString","coordinates":[[73.866083,18.529545],[73.866622,18.529468],[73.867291,18.529252]]}},{"type":"Feature","id":216121983,"properties":{"id":216121983,"railway":"rail","service":"yard","name":null,"usage":"service","gauge":"1676","electrified":"contact_line","voltage":"25000","frequency":"50","operator":"Central Railway","highspeed":"no","tracks":1,"network_type":"yard_loop","corridor":"PUNE-DIV"},"geometry":{"type":"LineString","coordinates":[[73.862943,18.528595],[73.863217,18.528611],[73.863254,18.528611]]}},{"type":"Feature","id":216121987,"properties":{"id":216121987,"railway":"rail","service":"crossover","name":null,"usage":"service","gauge":"1676","electrified":"contact_line","voltage":"25000","frequency":"50","operator":"Central Railway","highspeed":"no","tracks":1,"network_type":"yard_loop","corridor":"PUNE-DIV"},"geometry":{"type":"LineString","coordinates":[[73.877173,18.529764],[73.877467,18.529821],[73.877747,18.529865]]}},{"type":"Feature","id":216121991,"properties":{"id":216121991,"railway":"rail","service":"yard","name":null,"usage":"service","gauge":"1676","electrified":"contact_line","voltage":"25000","frequency":"50","operator":"Central Railway","highspeed":"no","tracks":1,"network_type":"yard_loop","corridor":"PUNE-DIV"},"geometry":{"type":"LineString","coordinates":[[73.896319,18.530374],[73.896503,18.530387],[73.89709,18.530407]]}},{"type":"Feature","id":216121993,"properties":{"id":216121993,"railway":"rail","service":"yard","name":null,"usage":"service","gauge":"1676","electrified":"contact_line","voltage":"25000","frequency":"50","operator":"Central Railway","highspeed":"no","tracks":1,"network_type":"yard_loop","corridor":"PUNE-DIV"},"geometry":{"type":"LineString","coordinates":[[73.89247,18.529315],[73.892987,18.529059],[73.89329,18.528959]]}},{"type":"Feature","id":216121995,"properties":{"id":216121995,"railway":"rail","service":"yard","name":null,"usage":"service","gauge":"1676","electrified":"contact_line","voltage":"25000","frequency":"50","operator":"Central Railway","highspeed":"no","tracks":1,"network_type":"yard_loop","corridor":"PUNE-DIV"},"geometry":{"type":"LineString","coordinates":[[73.862294,18.528416],[73.862559,18.52851],[73.862818,18.528585]]}},{"type":"Feature","id":216121998,"properties":{"id":216121998,"railway":"rail","service":"yard","name":null,"usage":"service","gauge":"1676","electrified":"contact_line","voltage":"25000","frequency":"50","operator":"Central Railway","highspeed":"no","tracks":1,"network_type":"yard_loop","corridor":"PUNE-DIV"},"geometry":{"type":"LineString","coordinates":[[73.863881,18.52925],[73.865769,18.529337],[73.866474,18.529328]]}},{"type":"Feature","id":216122004,"properties":{"id":216122004,"railway":"rail","service":"yard","name":null,"usage":"service","gauge":"1676","electrified":"contact_line","voltage":"25000","frequency":"50","operator":"Central Railway","highspeed":"no","tracks":1,"network_type":"yard_loop","corridor":"PUNE-DIV"},"geometry":{"type":"LineString","coordinates":[[73.869412,18.528683],[73.869521,18.528705],[73.869911,18.528769]]}},{"type":"Feature","id":216122007,"properties":{"id":216122007,"railway":"rail","service":"yard","name":null,"usage":"service","gauge":"1676","electrified":"contact_line","voltage":"25000","frequency":"50","operator":"Central Railway","highspeed":"no","tracks":1,"network_type":"yard_loop","corridor":"PUNE-DIV"},"geometry":{"type":"LineString","coordinates":[[73.893624,18.528652],[73.893972,18.528461],[73.895085,18.52796]]}},{"type":"Feature","id":216122018,"properties":{"id":216122018,"railway":"rail","service":"yard","name":null,"usage":"service","gauge":"1676","electrified":"contact_line","voltage":"25000","frequency":"50","operator":"Central Railway","highspeed":"no","tracks":1,"network_type":"yard_loop","corridor":"PUNE-DIV"},"geometry":{"type":"LineString","coordinates":[[73.890063,18.530038],[73.890529,18.529941],[73.890906,18.529918]]}},{"type":"Feature","id":216122021,"properties":{"id":216122021,"railway":"rail","service":"yard","name":null,"usage":"service","gauge":"1676","electrified":"contact_line","voltage":"25000","frequency":"50","operator":"Central Railway","highspeed":"no","tracks":1,"network_type":"yard_loop","corridor":"PUNE-DIV"},"geometry":{"type":"LineString","coordinates":[[73.871246,18.52893],[73.871104,18.528961],[73.87092,18.528991]]}},{"type":"Feature","id":216122024,"properties":{"id":216122024,"railway":"rail","service":"yard","name":null,"usage":"service","gauge":"1676","electrified":"contact_line","voltage":"25000","frequency":"50","operator":"Central Railway","highspeed":"no","tracks":1,"network_type":"yard_loop","corridor":"PUNE-DIV"},"geometry":{"type":"LineString","coordinates":[[73.889171,18.531152],[73.889759,18.531071],[73.893497,18.530629]]}},{"type":"Feature","id":216122027,"properties":{"id":216122027,"railway":"rail","service":"crossover","name":null,"usage":"service","gauge":"1676","electrified":"contact_line","voltage":"25000","frequency":"50","operator":"Central Railway","highspeed":"no","tracks":1,"network_type":"yard_loop","corridor":"PUNE-DIV"},"geometry":{"type":"LineString","coordinates":[[73.877178,18.529826],[73.877443,18.529854],[73.877728,18.529907]]}},{"type":"Feature","id":216122030,"properties":{"id":216122030,"railway":"rail","service":"yard","name":null,"usage":"service","gauge":"1676","electrified":"contact_line","voltage":"25000","frequency":"50","operator":"Central Railway","highspeed":"no","tracks":1,"network_type":"yard_loop","corridor":"PUNE-DIV"},"geometry":{"type":"LineString","coordinates":[[73.861756,18.52862],[73.862332,18.528602],[73.862677,18.52859],[73.862818,18.528585]]}},{"type":"Feature","id":216122032,"properties":{"id":216122032,"railway":"rail","service":"yard","name":null,"usage":"service","gauge":"1676","electrified":"contact_line","voltage":"25000","frequency":"50","operator":"Central Railway","highspeed":"no","tracks":1,"network_type":"yard_loop","corridor":"PUNE-DIV"},"geometry":{"type":"LineString","coordinates":[[73.863947,18.528517],[73.864318,18.5284],[73.864768,18.528251],[73.865055,18.528167]]}},{"type":"Feature","id":216122036,"properties":{"id":216122036,"railway":"rail","service":"yard","name":null,"usage":"service","gauge":"1676","electrified":"contact_line","voltage":"25000","frequency":"50","operator":"Central Railway","highspeed":"no","tracks":1,"network_type":"yard_loop","corridor":"PUNE-DIV"},"geometry":{"type":"LineString","coordinates":[[73.86388,18.529315],[73.865945,18.529407],[73.866487,18.529393],[73.866862,18.529337]]}},{"type":"Feature","id":216122039,"properties":{"id":216122039,"railway":"rail","service":"yard","name":null,"usage":"service","gauge":"1676","electrified":"contact_line","voltage":"25000","frequency":"50","operator":"Central Railway","highspeed":"no","tracks":1,"network_type":"yard_loop","corridor":"PUNE-DIV"},"geometry":{"type":"LineString","coordinates":[[73.88688,18.531468],[73.887357,18.53134],[73.887742,18.531203],[73.888146,18.531028]]}},{"type":"Feature","id":216122041,"properties":{"id":216122041,"railway":"rail","service":"yard","name":null,"usage":"service","gauge":"1676","electrified":"contact_line","voltage":"25000","frequency":"50","operator":"Central Railway","highspeed":"no","tracks":1,"network_type":"yard_loop","corridor":"PUNE-DIV"},"geometry":{"type":"LineString","coordinates":[[73.891662,18.529687],[73.891916,18.529635],[73.892165,18.529532],[73.89247,18.529315]]}},{"type":"Feature","id":216122043,"properties":{"id":216122043,"railway":"rail","service":"yard","name":null,"usage":"service","gauge":"1676","electrified":"contact_line","voltage":"25000","frequency":"50","operator":"Central Railway","highspeed":"no","tracks":1,"network_type":"yard_loop","corridor":"PUNE-DIV"},"geometry":{"type":"LineString","coordinates":[[73.887139,18.531478],[73.887499,18.531386],[73.887987,18.531318],[73.888525,18.531256]]}},{"type":"Feature","id":216122045,"properties":{"id":216122045,"railway":"rail","service":"yard","name":null,"usage":"service","gauge":"1676","electrified":"contact_line","voltage":"25000","frequency":"50","operator":"Central Railway","highspeed":"no","tracks":1,"network_type":"yard_loop","corridor":"PUNE-DIV"},"geometry":{"type":"LineString","coordinates":[[73.89371,18.528755],[73.894043,18.528575],[73.895231,18.528055],[73.895745,18.527878]]}},{"type":"Feature","id":216122047,"properties":{"id":216122047,"railway":"rail","service":"yard","name":null,"usage":"service","gauge":"1676","electrified":"contact_line","voltage":"25000","frequency":"50","operator":"Central Railway","highspeed":"no","tracks":1,"network_type":"yard_loop","corridor":"PUNE-DIV"},"geometry":{"type":"LineString","coordinates":[[73.88862,18.531002],[73.88916,18.530835],[73.895221,18.528974],[73.895795,18.528853]]}},{"type":"Feature","id":216122049,"properties":{"id":216122049,"railway":"rail","service":"yard","name":null,"usage":"service","gauge":"1676","electrified":"contact_line","voltage":"25000","frequency":"50","operator":"Central Railway","highspeed":"no","tracks":1,"network_type":"yard_loop","corridor":"PUNE-DIV"},"geometry":{"type":"LineString","coordinates":[[73.869911,18.528769],[73.870259,18.528803],[73.870524,18.528853],[73.87096,18.528881]]}},{"type":"Feature","id":216122051,"properties":{"id":216122051,"railway":"rail","service":"yard","name":null,"usage":"service","gauge":"1676","electrified":"contact_line","voltage":"25000","frequency":"50","operator":"Central Railway","highspeed":"no","tracks":1,"network_type":"yard_loop","corridor":"PUNE-DIV"},"geometry":{"type":"LineString","coordinates":[[73.868699,18.529212],[73.869065,18.529296],[73.869196,18.529313],[73.869547,18.529383]]}},{"type":"Feature","id":216122054,"properties":{"id":216122054,"railway":"rail","service":"yard","name":null,"usage":"service","gauge":"1676","electrified":"contact_line","voltage":"25000","frequency":"50","operator":"Central Railway","highspeed":"no","tracks":1,"network_type":"yard_loop","corridor":"PUNE-DIV"},"geometry":{"type":"LineString","coordinates":[[73.894826,18.530548],[73.89532,18.530537],[73.895987,18.53045],[73.896503,18.530387]]}},{"type":"Feature","id":216122056,"properties":{"id":216122056,"railway":"rail","service":"yard","name":null,"usage":"service","gauge":"1676","electrified":"contact_line","voltage":"25000","frequency":"50","operator":"Central Railway","highspeed":"no","tracks":1,"network_type":"yard_loop","corridor":"PUNE-DIV"},"geometry":{"type":"LineString","coordinates":[[73.886811,18.531617],[73.88733,18.531523],[73.888037,18.53137],[73.888525,18.531256]]}},{"type":"Feature","id":216122059,"properties":{"id":216122059,"railway":"rail","service":"yard","name":null,"usage":"service","gauge":"1676","electrified":"contact_line","voltage":"25000","frequency":"50","operator":"Central Railway","highspeed":"no","tracks":1,"network_type":"yard_loop","corridor":"PUNE-DIV"},"geometry":{"type":"LineString","coordinates":[[73.870371,18.528758],[73.870834,18.528778],[73.871144,18.528795],[73.872051,18.528824]]}},{"type":"Feature","id":216122060,"properties":{"id":216122060,"railway":"rail","service":"yard","name":null,"usage":"service","gauge":"1676","electrified":"contact_line","voltage":"25000","frequency":"50","operator":"Central Railway","highspeed":"no","tracks":1,"network_type":"yard_loop","corridor":"PUNE-DIV"},"geometry":{"type":"LineString","coordinates":[[73.870861,18.528911],[73.871246,18.52893],[73.871692,18.52895],[73.871879,18.528962],[73.872056,18.528973]]}},{"type":"Feature","id":216122061,"properties":{"id":216122061,"railway":"rail","service":"yard","name":null,"usage":"service","gauge":"1676","electrified":"contact_line","voltage":"25000","frequency":"50","operator":"Central Railway","highspeed":"no","tracks":1,"network_type":"yard_loop","corridor":"PUNE-DIV"},"geometry":{"type":"LineString","coordinates":[[73.869911,18.528769],[73.87,18.528795],[73.870508,18.528887],[73.870861,18.528911]]}},{"type":"Feature","id":216122063,"properties":{"id":216122063,"railway":"rail","service":"yard","name":null,"usage":"service","gauge":"1676","electrified":"contact_line","voltage":"25000","frequency":"50","operator":"Central Railway","highspeed":"no","tracks":1,"network_type":"yard_loop","corridor":"PUNE-DIV"},"geometry":{"type":"LineString","coordinates":[[73.893497,18.530629],[73.894939,18.53045],[73.89565,18.530381],[73.895874,18.530359],[73.896319,18.530374]]}},{"type":"Feature","id":216122065,"properties":{"id":216122065,"railway":"rail","service":"yard","name":null,"usage":"service","gauge":"1676","electrified":"contact_line","voltage":"25000","frequency":"50","operator":"Central Railway","highspeed":"no","tracks":1,"network_type":"yard_loop","corridor":"PUNE-DIV"},"geometry":{"type":"LineString","coordinates":[[73.88977,18.531269],[73.892826,18.530915],[73.896305,18.530493],[73.896748,18.530454]]}},{"type":"Feature","id":216122068,"properties":{"id":216122068,"railway":"rail","service":"yard","name":null,"usage":"service","gauge":"1676","electrified":"contact_line","voltage":"25000","frequency":"50","operator":"Central Railway","highspeed":"no","tracks":1,"network_type":"yard_loop","corridor":"PUNE-DIV"},"geometry":{"type":"LineString","coordinates":[[73.889779,18.531339],[73.892833,18.530982],[73.896354,18.530551],[73.896748,18.530454]]}},{"type":"Feature","id":216122070,"properties":{"id":216122070,"railway":"rail","service":null,"name":null,"usage":"main","gauge":"1676","electrified":"contact_line","voltage":"25000","frequency":"50","operator":"Central Railway","highspeed":"no","tracks":1,"network_type":"mainline","corridor":"PUNE-DIV"},"geometry":{"type":"LineString","coordinates":[[73.870894,18.529027],[73.870541,18.529099],[73.870049,18.529173],[73.869688,18.529188]]}},{"type":"Feature","id":216122073,"properties":{"id":216122073,"railway":"rail","service":"yard","name":null,"usage":"service","gauge":"1676","electrified":"contact_line","voltage":"25000","frequency":"50","operator":"Central Railway","highspeed":"no","tracks":1,"network_type":"yard_loop","corridor":"PUNE-DIV"},"geometry":{"type":"LineString","coordinates":[[73.865638,18.528216],[73.866249,18.528216],[73.866644,18.528233],[73.868078,18.528331],[73.868878,18.528417]]}},{"type":"Feature","id":216122076,"properties":{"id":216122076,"railway":"rail","service":"yard","name":null,"usage":"service","gauge":"1676","electrified":"contact_line","voltage":"25000","frequency":"50","operator":"Central Railway","highspeed":"no","tracks":1,"network_type":"yard_loop","corridor":"PUNE-DIV"},"geometry":{"type":"LineString","coordinates":[[73.863639,18.528873],[73.865454,18.528974],[73.867177,18.52908],[73.867641,18.529101],[73.868015,18.529075]]}},{"type":"Feature","id":216122079,"properties":{"id":216122079,"railway":"rail","service":"yard","name":null,"usage":"service","gauge":"1676","electrified":"contact_line","voltage":"25000","frequency":"50","operator":"Central Railway","highspeed":"no","tracks":1,"network_type":"yard_loop","corridor":"PUNE-DIV"},"geometry":{"type":"LineString","coordinates":[[73.861839,18.528676],[73.862201,18.528652],[73.862725,18.528632],[73.863212,18.528648],[73.863254,18.52865]]}},{"type":"Feature","id":216122081,"properties":{"id":216122081,"railway":"rail","service":"yard","name":null,"usage":"service","gauge":"1676","electrified":"contact_line","voltage":"25000","frequency":"50","operator":"Central Railway","highspeed":"no","tracks":1,"network_type":"yard_loop","corridor":"PUNE-DIV"},"geometry":{"type":"LineString","coordinates":[[73.863672,18.528996],[73.865453,18.529119],[73.866918,18.529197],[73.867218,18.529198],[73.867391,18.529173]]}},{"type":"Feature","id":216122088,"properties":{"id":216122088,"railway":"rail","service":"yard","name":null,"usage":"service","gauge":"1676","electrified":"contact_line","voltage":"25000","frequency":"50","operator":"Central Railway","highspeed":"no","tracks":1,"network_type":"yard_loop","corridor":"PUNE-DIV"},"geometry":{"type":"LineString","coordinates":[[73.896394,18.52796],[73.896589,18.52771],[73.896926,18.527444],[73.897268,18.527193],[73.897356,18.527129],[73.897563,18.527012],[73.897688,18.526947],[73.897905,18.526832],[73.898107,18.526694],[73.898381,18.526483]]}},{"type":"Feature","id":216122093,"properties":{"id":216122093,"railway":"rail","service":"yard","name":null,"usage":"service","gauge":"1676","electrified":"contact_line","voltage":"25000","frequency":"50","operator":"Central Railway","highspeed":"no","tracks":1,"network_type":"yard_loop","corridor":"PUNE-DIV"},"geometry":{"type":"LineString","coordinates":[[73.869547,18.529383],[73.869146,18.529345],[73.868121,18.529296],[73.867672,18.529313],[73.867254,18.529354]]}},{"type":"Feature","id":216122096,"properties":{"id":216122096,"railway":"rail","service":"yard","name":null,"usage":"service","gauge":"1676","electrified":"contact_line","voltage":"25000","frequency":"50","operator":"Central Railway","highspeed":"no","tracks":1,"network_type":"yard_loop","corridor":"PUNE-DIV"},"geometry":{"type":"LineString","coordinates":[[73.865839,18.528286],[73.866211,18.528268],[73.86695,18.528302],[73.86761,18.528365],[73.867912,18.528419]]}},{"type":"Feature","id":216122100,"properties":{"id":216122100,"railway":"rail","service":"yard","name":null,"usage":"service","gauge":"1676","electrified":"contact_line","voltage":"25000","frequency":"50","operator":"Central Railway","highspeed":"no","tracks":1,"network_type":"yard_loop","corridor":"PUNE-DIV"},"geometry":{"type":"LineString","coordinates":[[73.869502,18.528166],[73.869862,18.528397],[73.870044,18.528476],[73.87055,18.528616],[73.87073,18.528662]]}},{"type":"Feature","id":216122103,"properties":{"id":216122103,"railway":"rail","service":"yard","name":null,"usage":"service","gauge":"1676","electrified":"contact_line","voltage":"25000","frequency":"50","operator":"Central Railway","highspeed":"no","tracks":1,"network_type":"yard_loop","corridor":"PUNE-DIV"},"geometry":{"type":"LineString","coordinates":[[73.88293,18.531405],[73.883865,18.531528],[73.884814,18.531601],[73.885297,18.531625],[73.885639,18.53162]]}},{"type":"Feature","id":216122108,"properties":{"id":216122108,"railway":"rail","service":"yard","name":null,"usage":"service","gauge":"1676","electrified":"contact_line","voltage":"25000","frequency":"50","operator":"Central Railway","highspeed":"no","tracks":1,"network_type":"yard_loop","corridor":"PUNE-DIV"},"geometry":{"type":"LineString","coordinates":[[73.867254,18.529354],[73.867572,18.529292],[73.8679,18.529249],[73.868151,18.529242],[73.869065,18.529296]]}},{"type":"Feature","id":216122112,"properties":{"id":216122112,"railway":"rail","service":"yard","name":null,"usage":"service","gauge":"1676","electrified":"contact_line","voltage":"25000","frequency":"50","operator":"Central Railway","highspeed":"no","tracks":1,"network_type":"yard_loop","corridor":"PUNE-DIV"},"geometry":{"type":"LineString","coordinates":[[73.889146,18.531195],[73.889772,18.531109],[73.894295,18.530573],[73.895035,18.530474],[73.895569,18.530414],[73.895941,18.530407]]}},{"type":"Feature","id":216122128,"properties":{"id":216122128,"railway":"rail","service":"yard","name":null,"usage":"service","gauge":"1676","electrified":"contact_line","voltage":"25000","frequency":"50","operator":"Central Railway","highspeed":"no","tracks":1,"network_type":"yard_loop","corridor":"PUNE-DIV"},"geometry":{"type":"LineString","coordinates":[[73.865463,18.528295],[73.865839,18.528286],[73.866168,18.528296],[73.86693,18.528354],[73.867912,18.528419],[73.868173,18.528473]]}},{"type":"Feature","id":216122131,"properties":{"id":216122131,"railway":"rail","service":"yard","name":null,"usage":"service","gauge":"1676","electrified":"contact_line","voltage":"25000","frequency":"50","operator":"Central Railway","highspeed":"no","tracks":1,"network_type":"yard_loop","corridor":"PUNE-DIV"},"geometry":{"type":"LineString","coordinates":[[73.86503,18.528347],[73.865325,18.528334],[73.865924,18.528375],[73.866906,18.52844],[73.868618,18.52855],[73.868917,18.528598]]}},{"type":"Feature","id":216122135,"properties":{"id":216122135,"railway":"rail","service":"yard","name":null,"usage":"service","gauge":"1676","electrified":"contact_line","voltage":"25000","frequency":"50","operator":"Central Railway","highspeed":"no","tracks":1,"network_type":"yard_loop","corridor":"PUNE-DIV"},"geometry":{"type":"LineString","coordinates":[[73.869726,18.528701],[73.870188,18.528741],[73.870371,18.528758],[73.870884,18.528824],[73.871128,18.528845],[73.872047,18.528869]]}},{"type":"Feature","id":216122138,"properties":{"id":216122138,"railway":"rail","service":"yard","name":null,"usage":"service","gauge":"1676","electrified":"contact_line","voltage":"25000","frequency":"50","operator":"Central Railway","highspeed":"no","tracks":1,"network_type":"yard_loop","corridor":"PUNE-DIV"},"geometry":{"type":"LineString","coordinates":[[73.879801,18.5305],[73.88039,18.530704],[73.880928,18.530876],[73.88135,18.53101],[73.881765,18.531126],[73.882103,18.531205],[73.882596,18.531308]]}},{"type":"Feature","id":216122142,"properties":{"id":216122142,"railway":"rail","service":"yard","name":null,"usage":"service","gauge":"1676","electrified":"contact_line","voltage":"25000","frequency":"50","operator":"Central Railway","highspeed":"no","tracks":1,"network_type":"yard_loop","corridor":"PUNE-DIV"},"geometry":{"type":"LineString","coordinates":[[73.891074,18.52976],[73.891548,18.52952],[73.891814,18.529395],[73.892381,18.529154],[73.892752,18.529021],[73.893043,18.528913],[73.893624,18.528652]]}},{"type":"Feature","id":216122149,"properties":{"id":216122149,"railway":"rail","service":"yard","name":null,"usage":"service","gauge":"1676","electrified":"contact_line","voltage":"25000","frequency":"50","operator":"Central Railway","highspeed":"no","tracks":1,"network_type":"yard_loop","corridor":"PUNE-DIV"},"geometry":{"type":"LineString","coordinates":[[73.865132,18.528402],[73.865917,18.528471],[73.866903,18.528531],[73.867901,18.528589],[73.868327,18.528618],[73.869084,18.528656],[73.869246,18.528664]]}},{"type":"Feature","id":216122154,"properties":{"id":216122154,"railway":"rail","service":"yard","name":null,"usage":"service","gauge":"1676","electrified":"contact_line","voltage":"25000","frequency":"50","operator":"Central Railway","highspeed":"no","tracks":1,"network_type":"yard_loop","corridor":"PUNE-DIV"},"geometry":{"type":"LineString","coordinates":[[73.888966,18.530628],[73.889451,18.530401],[73.8898,18.530258],[73.890906,18.529918],[73.891662,18.529687],[73.892,18.529567],[73.89247,18.529315]]}},{"type":"Feature","id":216122158,"properties":{"id":216122158,"railway":"rail","service":"yard","name":null,"usage":"service","gauge":"1676","electrified":"contact_line","voltage":"25000","frequency":"50","operator":"Central Railway","highspeed":"no","tracks":1,"network_type":"yard_loop","corridor":"PUNE-DIV"},"geometry":{"type":"LineString","coordinates":[[73.886921,18.531778],[73.887477,18.531625],[73.888042,18.531444],[73.888499,18.531353],[73.888828,18.531341],[73.88936,18.531361],[73.889779,18.531339]]}},{"type":"Feature","id":216122164,"properties":{"id":216122164,"railway":"rail","service":"yard","name":null,"usage":"service","gauge":"1676","electrified":"contact_line","voltage":"25000","frequency":"50","operator":"Central Railway","highspeed":"no","tracks":1,"network_type":"yard_loop","corridor":"PUNE-DIV"},"geometry":{"type":"LineString","coordinates":[[73.893064,18.528959],[73.893397,18.528863],[73.89371,18.528755],[73.894069,18.528631],[73.894868,18.528277],[73.895295,18.528089],[73.895745,18.527878]]}},{"type":"Feature","id":216122167,"properties":{"id":216122167,"railway":"rail","service":"yard","name":null,"usage":"service","gauge":"1676","electrified":"contact_line","voltage":"25000","frequency":"50","operator":"Central Railway","highspeed":"no","tracks":1,"network_type":"yard_loop","corridor":"PUNE-DIV"},"geometry":{"type":"LineString","coordinates":[[73.864643,18.52835],[73.865057,18.528286],[73.865463,18.528295],[73.866174,18.528341],[73.866933,18.52839],[73.868173,18.528473],[73.868618,18.52855]]}},{"type":"Feature","id":216122171,"properties":{"id":216122171,"railway":"rail","service":"yard","name":null,"usage":"service","gauge":"1676","electrified":"contact_line","voltage":"25000","frequency":"50","operator":"Central Railway","highspeed":"no","tracks":1,"network_type":"yard_loop","corridor":"PUNE-DIV"},"geometry":{"type":"LineString","coordinates":[[73.880102,18.530585],[73.880473,18.530648],[73.881239,18.530868],[73.881717,18.531006],[73.882095,18.531098],[73.882807,18.531243],[73.88345,18.531357],[73.883854,18.531413]]}},{"type":"Feature","id":216122175,"properties":{"id":216122175,"railway":"rail","service":"yard","name":null,"usage":"service","gauge":"1676","electrified":"contact_line","voltage":"25000","frequency":"50","operator":"Central Railway","highspeed":"no","tracks":1,"network_type":"yard_loop","corridor":"PUNE-DIV"},"geometry":{"type":"LineString","coordinates":[[73.864218,18.528484],[73.864863,18.528444],[73.865415,18.528478],[73.866589,18.528557],[73.867728,18.528634],[73.868533,18.528666],[73.868771,18.528673],[73.869084,18.528656]]}},{"type":"Feature","id":216122177,"properties":{"id":216122177,"railway":"rail","service":"yard","name":null,"usage":"service","gauge":"1676","electrified":"contact_line","voltage":"25000","frequency":"50","operator":"Central Railway","highspeed":"no","tracks":1,"network_type":"yard_loop","corridor":"PUNE-DIV"},"geometry":{"type":"LineString","coordinates":[[73.889146,18.531195],[73.88938,18.53119],[73.889781,18.531163],[73.894297,18.530618],[73.894826,18.530548],[73.895587,18.530448],[73.895941,18.530407],[73.896319,18.530374]]}},{"type":"Feature","id":216122181,"properties":{"id":216122181,"railway":"rail","service":"yard","name":null,"usage":"service","gauge":"1676","electrified":"contact_line","voltage":"25000","frequency":"50","operator":"Central Railway","highspeed":"no","tracks":1,"network_type":"yard_loop","corridor":"PUNE-DIV"},"geometry":{"type":"LineString","coordinates":[[73.887761,18.531244],[73.88793,18.531192],[73.888183,18.531127],[73.888621,18.531047],[73.888959,18.530983],[73.88918,18.530929],[73.895635,18.528951],[73.896165,18.528788]]}},{"type":"Feature","id":216122182,"properties":{"id":216122182,"railway":"rail","service":"yard","name":null,"usage":"service","gauge":"1676","electrified":"contact_line","voltage":"25000","frequency":"50","operator":"Central Railway","highspeed":"no","tracks":1,"network_type":"yard_loop","corridor":"PUNE-DIV"},"geometry":{"type":"LineString","coordinates":[[73.890529,18.529941],[73.891074,18.52976],[73.891652,18.529589],[73.892464,18.529229],[73.892809,18.529074],[73.893064,18.528959],[73.893353,18.528831],[73.893624,18.528652]]}},{"type":"Feature","id":216122185,"properties":{"id":216122185,"railway":"rail","service":"yard","name":null,"usage":"service","gauge":"1676","electrified":"contact_line","voltage":"25000","frequency":"50","operator":"Central Railway","highspeed":"no","tracks":1,"network_type":"yard_loop","corridor":"PUNE-DIV"},"geometry":{"type":"LineString","coordinates":[[73.860653,18.526418],[73.860951,18.52696],[73.861108,18.527279],[73.861319,18.527643],[73.861436,18.527806],[73.861611,18.527977],[73.861989,18.528263],[73.862056,18.528301]]}},{"type":"Feature","id":216122187,"properties":{"id":216122187,"railway":"rail","service":"yard","name":null,"usage":"service","gauge":"1676","electrified":"contact_line","voltage":"25000","frequency":"50","operator":"Central Railway","highspeed":"no","tracks":1,"network_type":"yard_loop","corridor":"PUNE-DIV"},"geometry":{"type":"LineString","coordinates":[[73.88793,18.531192],[73.888208,18.531079],[73.889154,18.530789],[73.894518,18.529145],[73.895236,18.528918],[73.895803,18.528771],[73.896186,18.528732],[73.896572,18.528743]]}},{"type":"Feature","id":216122188,"properties":{"id":216122188,"railway":"rail","service":"yard","name":null,"usage":"service","gauge":"1676","electrified":"contact_line","voltage":"25000","frequency":"50","operator":"Central Railway","highspeed":"no","tracks":1,"network_type":"yard_loop","corridor":"PUNE-DIV"},"geometry":{"type":"LineString","coordinates":[[73.889193,18.530555],[73.889829,18.530354],[73.893746,18.52918],[73.894965,18.528775],[73.895485,18.528584],[73.895822,18.528417],[73.896109,18.52821],[73.896394,18.52796]]}},{"type":"Feature","id":216122189,"properties":{"id":216122189,"railway":"rail","service":"yard","name":null,"usage":"service","gauge":"1676","electrified":"contact_line","voltage":"25000","frequency":"50","operator":"Central Railway","highspeed":"no","tracks":1,"network_type":"yard_loop","corridor":"PUNE-DIV"},"geometry":{"type":"LineString","coordinates":[[73.863856,18.528834],[73.864587,18.528877],[73.865459,18.528932],[73.867099,18.529038],[73.86768,18.529066],[73.868015,18.529075],[73.868388,18.529095],[73.868603,18.529107]]}},{"type":"Feature","id":216122190,"properties":{"id":216122190,"railway":"rail","service":null,"name":"Pune - Daund Railway Line","usage":"main","gauge":"1676","electrified":"contact_line","voltage":"25000","frequency":"50","operator":"Central Railway","highspeed":"no","tracks":1,"network_type":"mainline","corridor":"PUNE-LNL"},"geometry":{"type":"LineString","coordinates":[[73.902837,18.529846],[73.92141,18.527627],[73.922778,18.527463],[73.93107,18.526478],[73.933594,18.526163],[73.934029,18.526094],[73.934465,18.52602],[73.934889,18.525935],[73.935224,18.525852],[73.935626,18.525741],[73.948739,18.521811],[73.951681,18.52093],[73.952257,18.520736],[73.952751,18.52056],[73.953932,18.520128],[73.954855,18.519758],[73.958017,18.518402],[73.959275,18.517837],[73.962743,18.516323],[73.97005,18.513131],[73.971542,18.512481],[73.97547,18.510771]]}},{"type":"Feature","id":216122192,"properties":{"id":216122192,"railway":"rail","service":"yard","name":null,"usage":"service","gauge":"1676","electrified":"contact_line","voltage":"25000","frequency":"50","operator":"Central Railway","highspeed":"no","tracks":1,"network_type":"yard_loop","corridor":"PUNE-DIV"},"geometry":{"type":"LineString","coordinates":[[73.869521,18.528705],[73.869862,18.528799],[73.870003,18.528845],[73.870119,18.528868],[73.870377,18.52892],[73.87057,18.52895],[73.870689,18.528957],[73.871104,18.528961],[73.871255,18.528976]]}},{"type":"Feature","id":216122194,"properties":{"id":216122194,"railway":"rail","service":"yard","name":null,"usage":"service","gauge":"1676","electrified":"contact_line","voltage":"25000","frequency":"50","operator":"Central Railway","highspeed":"no","tracks":1,"network_type":"yard_loop","corridor":"PUNE-DIV"},"geometry":{"type":"LineString","coordinates":[[73.866622,18.529468],[73.866948,18.529398],[73.867319,18.529318],[73.867807,18.529202],[73.868182,18.529158],[73.868479,18.529181],[73.868699,18.529212],[73.868971,18.52924],[73.869319,18.529274]]}},{"type":"Feature","id":216122195,"properties":{"id":216122195,"railway":"rail","service":null,"name":"Pune - Miraj Railway Line","usage":"main","gauge":"1676","electrified":"contact_line","voltage":"25000","frequency":"50","operator":"Central Railway","highspeed":"no","tracks":1,"network_type":"mainline","corridor":"PUNE-LNL"},"geometry":{"type":"LineString","coordinates":[[73.882713,18.531448],[73.883432,18.531551],[73.884711,18.531675],[73.884886,18.53168],[73.885316,18.531694],[73.885602,18.531692],[73.885887,18.531681]]}},{"type":"Feature","id":216122197,"properties":{"id":216122197,"railway":"rail","service":"yard","name":null,"usage":"service","gauge":"1676","electrified":"contact_line","voltage":"25000","frequency":"50","operator":"Central Railway","highspeed":"no","tracks":1,"network_type":"yard_loop","corridor":"PUNE-DIV"},"geometry":{"type":"LineString","coordinates":[[73.863652,18.528951],[73.865451,18.529065],[73.866922,18.529154],[73.867391,18.529173],[73.867759,18.529142],[73.868124,18.529099],[73.868388,18.529095],[73.868668,18.529141],[73.869319,18.529274]]}},{"type":"Feature","id":217138696,"properties":{"id":217138696,"railway":"rail","service":"yard","name":null,"usage":"service","gauge":"1676","electrified":"contact_line","voltage":"25000","frequency":"50","operator":"Central Railway","highspeed":"no","tracks":1,"network_type":"yard_loop","corridor":"PUNE-DIV"},"geometry":{"type":"LineString","coordinates":[[73.842342,18.560446],[73.842331,18.560464],[73.841818,18.561263],[73.841645,18.561523],[73.841481,18.561739],[73.841204,18.562065],[73.839306,18.564758],[73.839221,18.564896],[73.839141,18.565079],[73.839054,18.565286],[73.838988,18.565459]]}},{"type":"Feature","id":217138699,"properties":{"id":217138699,"railway":"rail","service":"siding","name":null,"usage":"service","gauge":"1676","electrified":"contact_line","voltage":"25000","frequency":"50","operator":"Central Railway","highspeed":"no","tracks":1,"network_type":"yard_loop","corridor":"PUNE-DIV"},"geometry":{"type":"LineString","coordinates":[[73.838294,18.567097],[73.838567,18.566531],[73.838799,18.566141],[73.839336,18.565313],[73.839756,18.564717],[73.840237,18.564032],[73.840558,18.563574],[73.840917,18.563066],[73.841458,18.562299],[73.841944,18.56161],[73.842441,18.560904],[73.842543,18.56082]]}},{"type":"Feature","id":217138700,"properties":{"id":217138700,"railway":"rail","service":"yard","name":null,"usage":"service","gauge":"1676","electrified":"contact_line","voltage":"25000","frequency":"50","operator":"Central Railway","highspeed":"no","tracks":1,"network_type":"yard_loop","corridor":"PUNE-DIV"},"geometry":{"type":"LineString","coordinates":[[73.839054,18.565286],[73.839167,18.565094],[73.839259,18.564918],[73.839342,18.56478],[73.84124,18.562086],[73.841533,18.561747],[73.841591,18.561669]]}},{"type":"Feature","id":217138701,"properties":{"id":217138701,"railway":"rail","service":"siding","name":null,"usage":"service","gauge":"1676","electrified":"contact_line","voltage":"25000","frequency":"50","operator":"Central Railway","highspeed":"no","tracks":1,"network_type":"yard_loop","corridor":"PUNE-DIV"},"geometry":{"type":"LineString","coordinates":[[73.838341,18.567122],[73.838682,18.566593],[73.838913,18.566205],[73.839376,18.565491],[73.839448,18.565381],[73.839866,18.564787],[73.840349,18.564099],[73.840669,18.563644],[73.841027,18.563136],[73.841568,18.562369],[73.842054,18.56168],[73.842553,18.560971],[73.842633,18.560843],[73.842725,18.560698],[73.842819,18.560501]]}},{"type":"Feature","id":217138702,"properties":{"id":217138702,"railway":"rail","service":null,"name":"Mumbai–Pune Railway","usage":"main","gauge":"1676","electrified":"contact_line","voltage":"25000","frequency":"50","operator":"Central Railway","highspeed":"no","tracks":1,"network_type":"mainline","corridor":"PUNE-LNL"},"geometry":{"type":"LineString","coordinates":[[73.842543,18.56082],[73.842477,18.560925],[73.841979,18.561633],[73.841493,18.562321],[73.840952,18.563089],[73.840594,18.563596],[73.839792,18.56474],[73.839372,18.565335],[73.838836,18.566161],[73.838604,18.566551],[73.838294,18.567097]]}},{"type":"Feature","id":217138703,"properties":{"id":217138703,"railway":"rail","service":"crossover","name":null,"usage":"service","gauge":"1676","electrified":"contact_line","voltage":"25000","frequency":"50","operator":"Central Railway","highspeed":"no","tracks":1,"network_type":"yard_loop","corridor":"PUNE-DIV"},"geometry":{"type":"LineString","coordinates":[[73.842688,18.560677],[73.842776,18.560478]]}},{"type":"Feature","id":217138704,"properties":{"id":217138704,"railway":"rail","service":"yard","name":null,"usage":"service","gauge":"1676","electrified":"contact_line","voltage":"25000","frequency":"50","operator":"Central Railway","highspeed":"no","tracks":1,"network_type":"yard_loop","corridor":"PUNE-DIV"},"geometry":{"type":"LineString","coordinates":[[73.838634,18.566105],[73.838785,18.565874]]}},{"type":"Feature","id":217138705,"properties":{"id":217138705,"railway":"rail","service":"yard","name":null,"usage":"service","gauge":"1676","electrified":"contact_line","voltage":"25000","frequency":"50","operator":"Central Railway","highspeed":"no","tracks":1,"network_type":"yard_loop","corridor":"PUNE-DIV"},"geometry":{"type":"LineString","coordinates":[[73.83729,18.568913],[73.837724,18.567853],[73.838502,18.5665]]}},{"type":"Feature","id":217138707,"properties":{"id":217138707,"railway":"rail","service":"yard","name":null,"usage":"service","gauge":"1676","electrified":"contact_line","voltage":"25000","frequency":"50","operator":"Central Railway","highspeed":"no","tracks":1,"network_type":"yard_loop","corridor":"PUNE-DIV"},"geometry":{"type":"LineString","coordinates":[[73.837267,18.568653],[73.837613,18.567846],[73.837806,18.567476],[73.838227,18.566744],[73.838634,18.566105]]}},{"type":"Feature","id":217138708,"properties":{"id":217138708,"railway":"rail","service":"yard","name":null,"usage":"service","gauge":"1676","electrified":"contact_line","voltage":"25000","frequency":"50","operator":"Central Railway","highspeed":"no","tracks":1,"network_type":"yard_loop","corridor":"PUNE-DIV"},"geometry":{"type":"LineString","coordinates":[[73.837219,18.568635],[73.837566,18.567826],[73.83776,18.567454],[73.838181,18.56672],[73.838451,18.566328],[73.838634,18.566105]]}},{"type":"Feature","id":217138709,"properties":{"id":217138709,"railway":"rail","service":null,"name":"Mumbai–Pune Railway","usage":"main","gauge":"1676","electrified":"contact_line","voltage":"25000","frequency":"50","operator":"Central Railway","highspeed":"no","tracks":1,"network_type":"mainline","corridor":"PUNE-LNL"},"geometry":{"type":"LineString","coordinates":[[73.843675,18.558857],[73.843532,18.559128],[73.843357,18.559459],[73.84324,18.55968],[73.842906,18.560269],[73.842776,18.560478]]}},{"type":"Feature","id":217138710,"properties":{"id":217138710,"railway":"rail","service":"yard","name":null,"usage":"service","gauge":"1676","electrified":"contact_line","voltage":"25000","frequency":"50","operator":"Central Railway","highspeed":"no","tracks":1,"network_type":"yard_loop","corridor":"PUNE-DIV"},"geometry":{"type":"LineString","coordinates":[[73.841533,18.561747],[73.841271,18.562108],[73.839373,18.564801],[73.83929,18.564936],[73.839192,18.565106],[73.839099,18.565279]]}},{"type":"Feature","id":217140685,"properties":{"id":217140685,"railway":"rail","service":"spur","name":null,"usage":"military","gauge":"1676","electrified":"no","voltage":"25000","frequency":"50","operator":"Central Railway","highspeed":"no","tracks":1,"network_type":"yard_loop","corridor":"PUNE-DIV"},"geometry":{"type":"LineString","coordinates":[[73.844559,18.56954],[73.844906,18.569563],[73.84522,18.56961],[73.845474,18.569657],[73.845763,18.569721],[73.846035,18.56979],[73.846416,18.569918],[73.847057,18.570176],[73.84749,18.570351],[73.847824,18.570545]]}},{"type":"Feature","id":217140687,"properties":{"id":217140687,"railway":"rail","service":"spur","name":null,"usage":"military","gauge":"1676","electrified":"no","voltage":"25000","frequency":"50","operator":"Central Railway","highspeed":"no","tracks":1,"network_type":"yard_loop","corridor":"PUNE-DIV"},"geometry":{"type":"LineString","coordinates":[[73.844897,18.569608],[73.845171,18.569648],[73.845463,18.569697],[73.84575,18.569759],[73.846026,18.569835],[73.846398,18.56996],[73.847041,18.570216],[73.847824,18.570545],[73.847917,18.57058],[73.847967,18.570598],[73.848253,18.570708],[73.848569,18.570792],[73.848893,18.57085],[73.849319,18.570905],[73.849702,18.57094]]}},{"type":"Feature","id":217140688,"properties":{"id":217140688,"railway":"rail","service":"spur","name":null,"usage":"military","gauge":"1676","electrified":"no","voltage":"25000","frequency":"50","operator":"Central Railway","highspeed":"no","tracks":1,"network_type":"yard_loop","corridor":"PUNE-DIV"},"geometry":{"type":"LineString","coordinates":[[73.843678,18.569389],[73.84451,18.569532],[73.844559,18.56954],[73.844897,18.569608],[73.845118,18.569671],[73.845458,18.569748],[73.845737,18.569799],[73.846013,18.56988],[73.846384,18.570003],[73.847021,18.570249],[73.847901,18.570625],[73.847949,18.570642],[73.848237,18.570746],[73.84856,18.57083],[73.848884,18.570884],[73.849315,18.570929],[73.849702,18.57094]]}},{"type":"Feature","id":217140689,"properties":{"id":217140689,"railway":"rail","service":"spur","name":null,"usage":"military","gauge":"1676","electrified":"no","voltage":"25000","frequency":"50","operator":"Central Railway","highspeed":"no","tracks":1,"network_type":"yard_loop","corridor":"PUNE-DIV"},"geometry":{"type":"LineString","coordinates":[[73.859179,18.565628],[73.859522,18.565718]]}},{"type":"Feature","id":217140691,"properties":{"id":217140691,"railway":"rail","service":"spur","name":null,"usage":"industrial","gauge":"1676","electrified":"no","voltage":"25000","frequency":"50","operator":"Central Railway","highspeed":"no","tracks":1,"network_type":"yard_loop","corridor":"PUNE-DIV"},"geometry":{"type":"LineString","coordinates":[[73.921185,18.527495],[73.922842,18.527268]]}},{"type":"Feature","id":217140692,"properties":{"id":217140692,"railway":"rail","service":"spur","name":null,"usage":"military","gauge":"1676","electrified":"no","voltage":"25000","frequency":"50","operator":"Central Railway","highspeed":"no","tracks":1,"network_type":"yard_loop","corridor":"PUNE-DIV"},"geometry":{"type":"LineString","coordinates":[[73.855848,18.575245],[73.856348,18.575368]]}},{"type":"Feature","id":217140694,"properties":{"id":217140694,"railway":"rail","service":"spur","name":null,"usage":"military","gauge":"1676","electrified":"no","voltage":"25000","frequency":"50","operator":"Central Railway","highspeed":"no","tracks":1,"network_type":"yard_loop","corridor":"PUNE-DIV"},"geometry":{"type":"LineString","coordinates":[[73.849702,18.57094],[73.850123,18.570972],[73.850403,18.570972],[73.851015,18.570915],[73.851332,18.570876],[73.851464,18.57086],[73.851758,18.570803],[73.85218,18.570685],[73.852512,18.570508],[73.852839,18.570311],[73.853056,18.570109],[73.853235,18.569896],[73.85338,18.569693],[73.853409,18.569652],[73.853542,18.569335],[73.854586,18.56691],[73.854808,18.566395],[73.854918,18.566237],[73.85509,18.566025],[73.855212,18.565917],[73.855277,18.565859],[73.855403,18.565766],[73.855484,18.565706],[73.85575,18.56557],[73.856044,18.565458],[73.856366,18.56538],[73.856714,18.565374],[73.857097,18.56542],[73.857358,18.56545],[73.857638,18.56549],[73.857902,18.565547],[73.858182,18.565598],[73.860087,18.565833]]}},{"type":"Feature","id":217140695,"properties":{"id":217140695,"railway":"rail","service":"spur","name":null,"usage":"military","gauge":"1676","electrified":"no","voltage":"25000","frequency":"50","operator":"Central Railway","highspeed":"no","tracks":1,"network_type":"yard_loop","corridor":"PUNE-DIV"},"geometry":{"type":"LineString","coordinates":[[73.859603,18.574631],[73.859887,18.574425],[73.860037,18.574352]]}},{"type":"Feature","id":217140696,"properties":{"id":217140696,"railway":"rail","service":"spur","name":null,"usage":"military","gauge":"1676","electrified":"no","voltage":"25000","frequency":"50","operator":"Central Railway","highspeed":"no","tracks":1,"network_type":"yard_loop","corridor":"PUNE-DIV"},"geometry":{"type":"LineString","coordinates":[[73.857097,18.56542],[73.857276,18.565489],[73.857863,18.565757]]}},{"type":"Feature","id":217140697,"properties":{"id":217140697,"railway":"rail","service":"spur","name":null,"usage":"military","gauge":"1676","electrified":"no","voltage":"25000","frequency":"50","operator":"Central Railway","highspeed":"no","tracks":1,"network_type":"yard_loop","corridor":"PUNE-DIV"},"geometry":{"type":"LineString","coordinates":[[73.849702,18.57094],[73.850123,18.571016],[73.850397,18.571085],[73.850827,18.57122],[73.851204,18.571394],[73.851614,18.571624],[73.851927,18.571847],[73.852237,18.572105],[73.852497,18.572377],[73.852716,18.572652],[73.852885,18.5729],[73.853274,18.573525],[73.853525,18.57385],[73.85378,18.574126],[73.854076,18.574389],[73.854377,18.574598],[73.854697,18.574802],[73.854771,18.574841],[73.855028,18.574974],[73.855499,18.575147],[73.855848,18.575245],[73.856151,18.575291],[73.856553,18.575316],[73.856626,18.575318],[73.856929,18.575305],[73.857341,18.575259],[73.857951,18.575131],[73.858444,18.575034],[73.858736,18.574937],[73.859011,18.574843],[73.859603,18.574631],[73.860079,18.574465]]}},{"type":"Feature","id":217140698,"properties":{"id":217140698,"railway":"disused","service":null,"name":null,"usage":"main","gauge":"1676","electrified":"contact_line","voltage":"25000","frequency":"50","operator":"Central Railway","highspeed":"no","tracks":1,"network_type":"mainline","corridor":"PUNE-DIV"},"geometry":{"type":"LineString","coordinates":[[73.857943,18.571648],[73.858465,18.571554],[73.858642,18.571524],[73.859691,18.571147]]}},{"type":"Feature","id":217140699,"properties":{"id":217140699,"railway":"rail","service":"spur","name":null,"usage":"industrial","gauge":"1676","electrified":"no","voltage":"25000","frequency":"50","operator":"Central Railway","highspeed":"no","tracks":1,"network_type":"yard_loop","corridor":"PUNE-DIV"},"geometry":{"type":"LineString","coordinates":[[73.916459,18.527852],[73.916806,18.527842],[73.916895,18.527844],[73.916952,18.527845],[73.917406,18.527881],[73.917875,18.527887]]}},{"type":"Feature","id":217140700,"properties":{"id":217140700,"railway":"rail","service":"spur","name":null,"usage":"military","gauge":"1676","electrified":"no","voltage":"25000","frequency":"50","operator":"Central Railway","highspeed":"no","tracks":1,"network_type":"yard_loop","corridor":"PUNE-DIV"},"geometry":{"type":"LineString","coordinates":[[73.857638,18.56549],[73.857917,18.565512],[73.858184,18.565553],[73.859522,18.565718],[73.860259,18.565809]]}},{"type":"Feature","id":217140703,"properties":{"id":217140703,"railway":"rail","service":"spur","name":null,"usage":"military","gauge":"1676","electrified":"no","voltage":"25000","frequency":"50","operator":"Central Railway","highspeed":"no","tracks":1,"network_type":"yard_loop","corridor":"PUNE-DIV"},"geometry":{"type":"LineString","coordinates":[[73.857358,18.56545],[73.857634,18.565451],[73.857921,18.565468],[73.858187,18.565503],[73.859179,18.565628],[73.8601,18.565743]]}},{"type":"Feature","id":217140705,"properties":{"id":217140705,"railway":"rail","service":"spur","name":null,"usage":"military","gauge":"1676","electrified":"no","voltage":"25000","frequency":"50","operator":"Central Railway","highspeed":"no","tracks":1,"network_type":"yard_loop","corridor":"PUNE-DIV"},"geometry":{"type":"LineString","coordinates":[[73.856759,18.575514],[73.857362,18.5753],[73.857497,18.575272],[73.857963,18.57518],[73.858465,18.575066],[73.858745,18.574964],[73.859011,18.574843]]}},{"type":"Feature","id":217140707,"properties":{"id":217140707,"railway":"rail","service":"spur","name":null,"usage":"industrial","gauge":"1676","electrified":"no","voltage":"25000","frequency":"50","operator":"Central Railway","highspeed":"no","tracks":1,"network_type":"yard_loop","corridor":"PUNE-DIV"},"geometry":{"type":"LineString","coordinates":[[73.914964,18.528026],[73.916739,18.527935],[73.916847,18.527935],[73.916874,18.527935],[73.917405,18.527935],[73.917875,18.527887],[73.918313,18.527837],[73.921185,18.527495],[73.921988,18.527465]]}},{"type":"Feature","id":217631170,"properties":{"id":217631170,"railway":"rail","service":null,"name":"Pune - Daund Railway Line","usage":"main","gauge":"1676","electrified":"contact_line","voltage":"25000","frequency":"50","operator":"Central Railway","highspeed":"no","tracks":1,"network_type":"mainline","corridor":"PUNE-LNL"},"geometry":{"type":"LineString","coordinates":[[74.010145,18.495652],[74.010366,18.495552]]}},{"type":"Feature","id":217631171,"properties":{"id":217631171,"railway":"rail","service":null,"name":"Pune - Daund Railway Line","usage":"main","gauge":"1676","electrified":"contact_line","voltage":"25000","frequency":"50","operator":"Central Railway","highspeed":"no","tracks":1,"network_type":"mainline","corridor":"PUNE-LNL"},"geometry":{"type":"LineString","coordinates":[[74.010366,18.495552],[74.015565,18.493276]]}},{"type":"Feature","id":217725240,"properties":{"id":217725240,"railway":"rail","service":"siding","name":null,"usage":"service","gauge":"1676","electrified":"contact_line","voltage":"25000","frequency":"50","operator":"Central Railway","highspeed":"no","tracks":1,"network_type":"yard_loop","corridor":"PUNE-DIV"},"geometry":{"type":"LineString","coordinates":[[73.850177,18.536837],[73.850216,18.536736],[73.850301,18.536517],[73.85034,18.536385],[73.851047,18.533817],[73.851233,18.533268],[73.851342,18.532988],[73.85151,18.532624],[73.851692,18.532274],[73.851873,18.531967],[73.852066,18.531681],[73.852425,18.531205],[73.85283,18.530746],[73.853,18.530569],[73.853097,18.530462],[73.853312,18.530235]]}},{"type":"Feature","id":217725242,"properties":{"id":217725242,"railway":"rail","service":"siding","name":null,"usage":"service","gauge":"1676","electrified":"contact_line","voltage":"25000","frequency":"50","operator":"Central Railway","highspeed":"no","tracks":1,"network_type":"yard_loop","corridor":"PUNE-DIV"},"geometry":{"type":"LineString","coordinates":[[73.853276,18.530199],[73.853018,18.53038],[73.852894,18.530481],[73.852718,18.530663],[73.852314,18.531125],[73.851955,18.531619],[73.85176,18.531896],[73.851572,18.532207],[73.851378,18.532569],[73.851208,18.532935],[73.851095,18.533222],[73.850912,18.533779],[73.850204,18.53635],[73.85018,18.536479],[73.850136,18.536713],[73.850116,18.53682]]}},{"type":"Feature","id":217725243,"properties":{"id":217725243,"railway":"rail","service":null,"name":"Mumbai–Pune Railway","usage":"main","gauge":"1676","electrified":"contact_line","voltage":"25000","frequency":"50","operator":"Central Railway","highspeed":"no","tracks":1,"network_type":"mainline","corridor":"PUNE-LNL"},"geometry":{"type":"LineString","coordinates":[[73.845052,18.555285],[73.845012,18.555425]]}},{"type":"Feature","id":217725248,"properties":{"id":217725248,"railway":"rail","service":null,"name":"Mumbai–Pune Railway","usage":"main","gauge":"1676","electrified":"contact_line","voltage":"25000","frequency":"50","operator":"Central Railway","highspeed":"no","tracks":1,"network_type":"mainline","corridor":"PUNE-LNL"},"geometry":{"type":"LineString","coordinates":[[73.847389,18.546776],[73.847357,18.546892]]}},{"type":"Feature","id":217725250,"properties":{"id":217725250,"railway":"rail","service":null,"name":"Mumbai–Pune Railway","usage":"main","gauge":"1676","electrified":"contact_line","voltage":"25000","frequency":"50","operator":"Central Railway","highspeed":"no","tracks":1,"network_type":"mainline","corridor":"PUNE-LNL"},"geometry":{"type":"LineString","coordinates":[[73.853276,18.530199],[73.853035,18.530406],[73.852756,18.53069],[73.852347,18.53115],[73.851987,18.531634],[73.851792,18.531922],[73.85161,18.532227],[73.851424,18.532584],[73.851257,18.532955],[73.851141,18.53324],[73.850957,18.533792],[73.850215,18.536489],[73.850147,18.536716],[73.850116,18.53682]]}},{"type":"Feature","id":217725252,"properties":{"id":217725252,"railway":"rail","service":null,"name":"Mumbai–Pune Railway","usage":"main","gauge":"1676","electrified":"contact_line","voltage":"25000","frequency":"50","operator":"Central Railway","highspeed":"no","tracks":1,"network_type":"mainline","corridor":"PUNE-LNL"},"geometry":{"type":"LineString","coordinates":[[73.847357,18.546892],[73.845229,18.554645],[73.845052,18.555285]]}},{"type":"Feature","id":217725254,"properties":{"id":217725254,"railway":"rail","service":null,"name":"Mumbai–Pune Railway","usage":"main","gauge":"1676","electrified":"contact_line","voltage":"25000","frequency":"50","operator":"Central Railway","highspeed":"no","tracks":1,"network_type":"mainline","corridor":"PUNE-LNL"},"geometry":{"type":"LineString","coordinates":[[73.844588,18.556743],[73.844399,18.557229],[73.844271,18.55756],[73.844041,18.558086],[73.843849,18.558502],[73.843675,18.558857]]}},{"type":"Feature","id":235145483,"properties":{"id":235145483,"railway":"rail","service":null,"name":"Mumbai–Pune Railway","usage":"main","gauge":"1676","electrified":"contact_line","voltage":"25000","frequency":"50","operator":"Central Railway","highspeed":"no","tracks":1,"network_type":"mainline","corridor":"PUNE-LNL"},"geometry":{"type":"LineString","coordinates":[[73.674824,18.732827],[73.675561,18.73219],[73.677918,18.730149],[73.679125,18.729189],[73.680145,18.728481],[73.681353,18.727861],[73.682866,18.727356],[73.690591,18.725363],[73.692348,18.724797],[73.693854,18.723973],[73.695403,18.722741],[73.696401,18.721399],[73.696659,18.72095],[73.696903,18.72048],[73.697016,18.720234],[73.697109,18.720001],[73.697201,18.71977],[73.697295,18.719521],[73.697399,18.719175],[73.697503,18.718799],[73.697775,18.71747],[73.697507,18.714843],[73.697239,18.711818],[73.697411,18.709898],[73.697755,18.708358],[73.698597,18.706547],[73.700089,18.704518],[73.701695,18.703105],[73.703952,18.701819],[73.704829,18.701457],[73.705689,18.701214],[73.707533,18.700902],[73.708208,18.700786],[73.708784,18.700688],[73.709497,18.700517],[73.710133,18.700343],[73.710776,18.700115],[73.711382,18.699867],[73.711994,18.699552],[73.712524,18.699241],[73.714479,18.697926],[73.725828,18.690054],[73.726703,18.689387],[73.727544,18.688631],[73.727655,18.688528],[73.727845,18.688362],[73.728986,18.687061],[73.734403,18.680334],[73.735902,18.678479],[73.736627,18.677646],[73.736891,18.677361],[73.737544,18.6768],[73.738556,18.675995],[73.739415,18.675272],[73.739749,18.674922],[73.740118,18.674483],[73.740668,18.673637],[73.740942,18.673109],[73.741123,18.67267],[73.74126,18.672255],[73.742084,18.669011],[73.742264,18.668417],[73.74253,18.667856],[73.742856,18.667287],[73.743286,18.666685],[73.743835,18.666051],[73.744444,18.665481],[73.745045,18.66505],[73.745439,18.664801],[73.74556,18.664725],[73.746204,18.664416],[73.746976,18.664107],[73.747508,18.663961],[73.749299,18.663556],[73.750123,18.66332],[73.750895,18.663035],[73.751685,18.662685],[73.752363,18.662336],[73.752972,18.661962],[73.753573,18.661514],[73.754131,18.661075],[73.754595,18.660661],[73.755101,18.66014],[73.755599,18.659522],[73.756045,18.658921],[73.756423,18.658302],[73.758654,18.654164],[73.758787,18.653964],[73.759067,18.653552],[73.759393,18.653075],[73.759746,18.652642],[73.760116,18.652243],[73.760482,18.651867],[73.760896,18.651497],[73.761379,18.651095],[73.762506,18.650173]]}},{"type":"Feature","id":235145484,"properties":{"id":235145484,"railway":"rail","service":null,"name":"Mumbai–Pune Railway","usage":"main","gauge":"1676","electrified":"contact_line","voltage":"25000","frequency":"50","operator":"Central Railway","highspeed":"no","tracks":1,"network_type":"mainline","corridor":"PUNE-LNL"},"geometry":{"type":"LineString","coordinates":[[73.762478,18.650132],[73.761346,18.651057],[73.760861,18.65146],[73.760445,18.651832],[73.760077,18.65221],[73.759706,18.652611],[73.75935,18.653047],[73.759023,18.653527],[73.75874,18.653954],[73.758686,18.654038],[73.756392,18.658286],[73.756015,18.658902],[73.75557,18.659502],[73.755074,18.660119],[73.754569,18.660637],[73.754108,18.66105],[73.753551,18.661488],[73.752952,18.661934],[73.752345,18.662307],[73.751669,18.662655],[73.750881,18.663004],[73.750111,18.663288],[73.74929,18.663523],[73.747499,18.663928],[73.746964,18.664075],[73.746189,18.664386],[73.745542,18.664696],[73.74542,18.664773],[73.745025,18.665023],[73.744421,18.665456],[73.743809,18.666028],[73.743257,18.666665],[73.742826,18.667269],[73.742498,18.667841],[73.742231,18.668405],[73.74205,18.669002],[73.741226,18.672246],[73.741089,18.672659],[73.74091,18.673095],[73.740637,18.673621],[73.740089,18.674464],[73.739722,18.6749],[73.73939,18.675248],[73.738533,18.67597],[73.73752,18.676775],[73.736866,18.677338],[73.7366,18.677623],[73.735883,18.678458],[73.734386,18.680316],[73.728958,18.687041],[73.727819,18.688339],[73.727628,18.68851],[73.72752,18.688606],[73.72668,18.689361],[73.725806,18.690027],[73.714458,18.697897],[73.712504,18.699213],[73.711977,18.699523],[73.711367,18.699836],[73.710763,18.700084],[73.710122,18.700311],[73.709488,18.700485],[73.708775,18.700653],[73.708202,18.700753],[73.707613,18.700853],[73.707521,18.700868],[73.705681,18.701181],[73.704817,18.701425],[73.703936,18.701789],[73.701674,18.703078],[73.700062,18.704496],[73.698566,18.70653],[73.697722,18.708348],[73.697376,18.709893],[73.697204,18.711818],[73.697472,18.714846],[73.697739,18.717468],[73.697415,18.718739],[73.697303,18.719123],[73.697194,18.719482],[73.697109,18.719736],[73.697017,18.719964],[73.696921,18.720204],[73.696811,18.720433],[73.696597,18.720849],[73.696302,18.721349],[73.695377,18.722718],[73.693834,18.723944],[73.69231,18.724689],[73.690659,18.725254],[73.682791,18.727305],[73.681327,18.7278],[73.680028,18.728454],[73.679048,18.729168],[73.677839,18.730127],[73.674912,18.732695],[73.674793,18.7328]]}},{"type":"Feature","id":235145486,"properties":{"id":235145486,"railway":"rail","service":"siding","name":null,"usage":"service","gauge":"1676","electrified":"contact_line","voltage":"25000","frequency":"50","operator":"Central Railway","highspeed":"no","tracks":1,"network_type":"yard_loop","corridor":"PUNE-DIV"},"geometry":{"type":"LineString","coordinates":[[73.793285,18.636184],[73.793227,18.636701],[73.793194,18.636838],[73.793052,18.637276],[73.792931,18.637576],[73.792579,18.638362],[73.792378,18.638768],[73.792172,18.639157],[73.791943,18.639555],[73.791618,18.640057],[73.791235,18.640592],[73.790878,18.641029],[73.790678,18.64126],[73.790464,18.641486],[73.79011,18.641863],[73.789681,18.642252],[73.789243,18.642626],[73.788799,18.642976],[73.788401,18.643225]]}},{"type":"Feature","id":235145488,"properties":{"id":235145488,"railway":"rail","service":"crossover","name":null,"usage":"service","gauge":"1676","electrified":"contact_line","voltage":"25000","frequency":"50","operator":"Central Railway","highspeed":"no","tracks":1,"network_type":"yard_loop","corridor":"PUNE-DIV"},"geometry":{"type":"LineString","coordinates":[[73.793194,18.636838],[73.793095,18.63734],[73.793058,18.637525],[73.793014,18.637678],[73.792927,18.637887],[73.792695,18.638417],[73.792505,18.638812],[73.792311,18.639225],[73.792079,18.639629],[73.791749,18.640138],[73.791353,18.640674],[73.791173,18.640894],[73.790986,18.641107],[73.790538,18.641541],[73.790167,18.641915],[73.789728,18.642304],[73.789279,18.642657],[73.789029,18.642823],[73.788799,18.642976]]}},{"type":"Feature","id":235145489,"properties":{"id":235145489,"railway":"rail","service":null,"name":"Mumbai–Pune Railway","usage":"main","gauge":"1676","electrified":"contact_line","voltage":"25000","frequency":"50","operator":"Central Railway","highspeed":"no","tracks":1,"network_type":"mainline","corridor":"PUNE-LNL"},"geometry":{"type":"LineString","coordinates":[[73.835711,18.573579],[73.834898,18.575656]]}},{"type":"Feature","id":235145490,"properties":{"id":235145490,"railway":"rail","service":"siding","name":null,"usage":"service","gauge":"1676","electrified":"contact_line","voltage":"25000","frequency":"50","operator":"Central Railway","highspeed":"no","tracks":1,"network_type":"yard_loop","corridor":"PUNE-DIV"},"geometry":{"type":"LineString","coordinates":[[73.793107,18.636439],[73.792973,18.636805],[73.792835,18.63719],[73.792702,18.637498],[73.792324,18.638255],[73.792147,18.638621],[73.792126,18.638664],[73.791931,18.639043],[73.791684,18.639431],[73.79135,18.639894],[73.791028,18.640414],[73.790807,18.640788],[73.790727,18.640915],[73.79053,18.641158],[73.790311,18.641413],[73.789981,18.641746],[73.789157,18.642502],[73.788791,18.642821]]}},{"type":"Feature","id":235145491,"properties":{"id":235145491,"railway":"rail","service":"yard","name":null,"usage":"service","gauge":"1676","electrified":"contact_line","voltage":"25000","frequency":"50","operator":"Central Railway","highspeed":"no","tracks":1,"network_type":"yard_loop","corridor":"PUNE-DIV"},"geometry":{"type":"LineString","coordinates":[[73.796948,18.629067],[73.796166,18.629936],[73.795917,18.630221],[73.79563,18.63058],[73.795344,18.630988],[73.795178,18.631239],[73.794972,18.631564],[73.7948,18.631844],[73.794694,18.632053],[73.794447,18.632606],[73.794279,18.633002],[73.794143,18.633312],[73.794043,18.633532],[73.793956,18.633733],[73.793898,18.63393],[73.793862,18.634133],[73.793813,18.634435],[73.793686,18.635176],[73.793624,18.635436],[73.793562,18.635628],[73.793453,18.635951],[73.793345,18.636281],[73.793227,18.636701]]}},{"type":"Feature","id":235145492,"properties":{"id":235145492,"railway":"rail","service":"siding","name":null,"usage":"service","gauge":"1676","electrified":"contact_line","voltage":"25000","frequency":"50","operator":"Central Railway","highspeed":"no","tracks":1,"network_type":"yard_loop","corridor":"PUNE-DIV"},"geometry":{"type":"LineString","coordinates":[[73.793421,18.635356],[73.793294,18.635761],[73.793184,18.636163],[73.793125,18.636373],[73.793107,18.636439],[73.793037,18.636768],[73.792913,18.637214],[73.792791,18.637531],[73.792711,18.637714],[73.792449,18.638307],[73.79225,18.638709],[73.792046,18.639094],[73.79182,18.639487],[73.7915,18.639983],[73.791121,18.640512],[73.790767,18.640945],[73.790568,18.641174],[73.790336,18.641432],[73.790005,18.641784],[73.789583,18.642154],[73.789185,18.642519],[73.788791,18.642821],[73.78868,18.642904],[73.788482,18.643073],[73.788332,18.643185],[73.788054,18.643384]]}},{"type":"Feature","id":235145496,"properties":{"id":235145496,"railway":"rail","service":null,"name":"Mumbai–Pune Railway","usage":"main","gauge":"1676","electrified":"contact_line","voltage":"25000","frequency":"50","operator":"Central Railway","highspeed":"no","tracks":1,"network_type":"mainline","corridor":"PUNE-LNL"},"geometry":{"type":"LineString","coordinates":[[73.838341,18.567122],[73.838644,18.566572],[73.838875,18.566187],[73.839411,18.565358],[73.839829,18.564765],[73.840633,18.56362],[73.84099,18.563115],[73.841531,18.562345],[73.842017,18.561658],[73.842517,18.560949],[73.842616,18.560799],[73.842688,18.560677],[73.842819,18.560501]]}},{"type":"Feature","id":235145498,"properties":{"id":235145498,"railway":"rail","service":null,"name":"Mumbai–Pune Railway","usage":"main","gauge":"1676","electrified":"contact_line","voltage":"25000","frequency":"50","operator":"Central Railway","highspeed":"no","tracks":1,"network_type":"mainline","corridor":"PUNE-LNL"},"geometry":{"type":"LineString","coordinates":[[73.838294,18.567097],[73.838114,18.567475],[73.837967,18.567789],[73.837906,18.567925],[73.837803,18.568142],[73.837666,18.568471],[73.83656,18.571361],[73.835711,18.573579]]}},{"type":"Feature","id":235145499,"properties":{"id":235145499,"railway":"rail","service":"yard","name":null,"usage":"service","gauge":"1676","electrified":"contact_line","voltage":"25000","frequency":"50","operator":"Central Railway","highspeed":"no","tracks":1,"network_type":"yard_loop","corridor":"PUNE-DIV"},"geometry":{"type":"LineString","coordinates":[[73.78868,18.642904],[73.788364,18.643126],[73.788056,18.643322],[73.787732,18.643506],[73.787356,18.643707],[73.786728,18.644007],[73.786698,18.644021]]}},{"type":"Feature","id":235145501,"properties":{"id":235145501,"railway":"rail","service":"spur","name":null,"usage":"service","gauge":"1676","electrified":"contact_line","voltage":"25000","frequency":"50","operator":"Central Railway","highspeed":"no","tracks":1,"network_type":"yard_loop","corridor":"PUNE-DIV"},"geometry":{"type":"LineString","coordinates":[[73.793837,18.634596],[73.793856,18.634822],[73.793898,18.635015],[73.793983,18.635242],[73.794182,18.63566],[73.794843,18.636866]]}},{"type":"Feature","id":238567588,"properties":{"id":238567588,"railway":"rail","service":"yard","name":null,"usage":"service","gauge":"1676","electrified":"contact_line","voltage":"25000","frequency":"50","operator":"Central Railway","highspeed":"no","tracks":1,"network_type":"yard_loop","corridor":"PUNE-DIV"},"geometry":{"type":"LineString","coordinates":[[73.890546,18.5307],[73.890714,18.530657],[73.892849,18.530049],[73.893148,18.529969],[73.894619,18.529611],[73.895106,18.5295],[73.89595,18.529355]]}},{"type":"Feature","id":238567591,"properties":{"id":238567591,"railway":"rail","service":"yard","name":null,"usage":"service","gauge":"1676","electrified":"contact_line","voltage":"25000","frequency":"50","operator":"Central Railway","highspeed":"no","tracks":1,"network_type":"yard_loop","corridor":"PUNE-DIV"},"geometry":{"type":"LineString","coordinates":[[73.890147,18.530883],[73.890728,18.5307],[73.892862,18.530092],[73.89316,18.530013],[73.89463,18.529655],[73.895116,18.529543],[73.895958,18.529399]]}},{"type":"Feature","id":238567593,"properties":{"id":238567593,"railway":"rail","service":"yard","name":null,"usage":"service","gauge":"1676","electrified":"contact_line","voltage":"25000","frequency":"50","operator":"Central Railway","highspeed":"no","tracks":1,"network_type":"yard_loop","corridor":"PUNE-DIV"},"geometry":{"type":"LineString","coordinates":[[73.890147,18.530883],[73.890546,18.5307],[73.890846,18.530556],[73.891018,18.530492],[73.892834,18.530011],[73.893136,18.529926],[73.894607,18.529567],[73.895096,18.529456],[73.895941,18.52931]]}},{"type":"Feature","id":247057422,"properties":{"id":247057422,"railway":"rail","service":null,"name":"Pune - Daund Railway Line","usage":"main","gauge":"1676","electrified":"no","voltage":"25000","frequency":"50","operator":"Central Railway","highspeed":"no","tracks":1,"network_type":"mainline","corridor":"PUNE-LNL"},"geometry":{"type":"LineString","coordinates":[[74.015846,18.493093],[74.015967,18.493011],[74.016196,18.492901],[74.018094,18.492063],[74.019794,18.491325],[74.020561,18.491002],[74.020862,18.490883],[74.021232,18.490744],[74.021804,18.490544],[74.022781,18.490234],[74.023271,18.490091],[74.023903,18.489967]]}},{"type":"Feature","id":247057423,"properties":{"id":247057423,"railway":"rail","service":null,"name":"Pune - Daund Railway Line","usage":"main","gauge":"1676","electrified":"no","voltage":"25000","frequency":"50","operator":"Central Railway","highspeed":"no","tracks":1,"network_type":"mainline","corridor":"PUNE-LNL"},"geometry":{"type":"LineString","coordinates":[[74.015565,18.493276],[74.015824,18.4932],[74.015924,18.493162],[74.01816,18.492183],[74.019516,18.491597],[74.019855,18.491451],[74.020621,18.491129],[74.02092,18.491011],[74.021286,18.490873],[74.021853,18.490676],[74.022826,18.490367],[74.02326,18.490232],[74.023933,18.490023]]}},{"type":"Feature","id":247057424,"properties":{"id":247057424,"railway":"rail","service":null,"name":"Pune - Daund Railway Line","usage":"main","gauge":"1676","electrified":"contact_line","voltage":"25000","frequency":"50","operator":"Central Railway","highspeed":"no","tracks":1,"network_type":"mainline","corridor":"PUNE-LNL"},"geometry":{"type":"LineString","coordinates":[[74.044944,18.491022],[74.033266,18.489333],[74.032566,18.489227],[74.03198,18.489159],[74.031488,18.489114],[74.030997,18.489075],[74.030613,18.489059],[74.030234,18.489061],[74.02985,18.489067],[74.029253,18.489102],[74.028704,18.489159],[74.02826,18.489211],[74.027819,18.489278],[74.02685,18.489444]]}},{"type":"Feature","id":247057425,"properties":{"id":247057425,"railway":"rail","service":null,"name":"Pune - Daund Railway Line","usage":"main","gauge":"1676","electrified":"contact_line","voltage":"25000","frequency":"50","operator":"Central Railway","highspeed":"no","tracks":1,"network_type":"mainline","corridor":"PUNE-LNL"},"geometry":{"type":"LineString","coordinates":[[74.025368,18.489697],[74.024605,18.489827],[74.024212,18.489902],[74.023903,18.489967],[74.023277,18.490137],[74.022796,18.490277],[74.02182,18.490587],[74.02125,18.490785],[74.020881,18.490924],[74.02058,18.491043],[74.019813,18.491367],[74.018113,18.492106],[74.015846,18.493093],[74.015543,18.493231]]}},{"type":"Feature","id":247057426,"properties":{"id":247057426,"railway":"rail","service":null,"name":"Pune - Daund Railway Line","usage":"main","gauge":"1676","electrified":"contact_line","voltage":"25000","frequency":"50","operator":"Central Railway","highspeed":"no","tracks":1,"network_type":"mainline","corridor":"PUNE-LNL"},"geometry":{"type":"LineString","coordinates":[[74.026854,18.489493],[74.027425,18.489396],[74.027828,18.489327],[74.028267,18.48926],[74.02871,18.489208],[74.029258,18.489151],[74.029852,18.489116],[74.030235,18.489111],[74.030612,18.489108],[74.030993,18.489124],[74.031484,18.489163],[74.031975,18.489208],[74.032558,18.489276],[74.033258,18.489382],[74.044937,18.491071]]}},{"type":"Feature","id":247057427,"properties":{"id":247057427,"railway":"rail","service":null,"name":"Pune - Daund Railway Line","usage":"main","gauge":"1676","electrified":"contact_line","voltage":"25000","frequency":"50","operator":"Central Railway","highspeed":"no","tracks":1,"network_type":"mainline","corridor":"PUNE-LNL"},"geometry":{"type":"LineString","coordinates":[[74.015543,18.493231],[74.010343,18.495508]]}},{"type":"Feature","id":247057428,"properties":{"id":247057428,"railway":"rail","service":null,"name":"Pune - Daund Railway Line","usage":"main","gauge":"1676","electrified":"contact_line","voltage":"25000","frequency":"50","operator":"Central Railway","highspeed":"no","tracks":1,"network_type":"mainline","corridor":"PUNE-LNL"},"geometry":{"type":"LineString","coordinates":[[73.987092,18.505643],[73.98694,18.505714]]}},{"type":"Feature","id":247057429,"properties":{"id":247057429,"railway":"rail","service":null,"name":"Pune - Daund Railway Line","usage":"main","gauge":"1676","electrified":"contact_line","voltage":"25000","frequency":"50","operator":"Central Railway","highspeed":"no","tracks":1,"network_type":"mainline","corridor":"PUNE-LNL"},"geometry":{"type":"LineString","coordinates":[[73.986966,18.505757],[73.98712,18.505683]]}},{"type":"Feature","id":247057430,"properties":{"id":247057430,"railway":"rail","service":null,"name":"Pune - Daund Railway Line","usage":"main","gauge":"1676","electrified":"contact_line","voltage":"25000","frequency":"50","operator":"Central Railway","highspeed":"no","tracks":1,"network_type":"mainline","corridor":"PUNE-LNL"},"geometry":{"type":"LineString","coordinates":[[74.025633,18.489702],[74.026496,18.489555]]}},{"type":"Feature","id":247057431,"properties":{"id":247057431,"railway":"rail","service":null,"name":"Pune - Daund Railway Line","usage":"main","gauge":"1676","electrified":"contact_line","voltage":"25000","frequency":"50","operator":"Central Railway","highspeed":"no","tracks":1,"network_type":"mainline","corridor":"PUNE-LNL"},"geometry":{"type":"LineString","coordinates":[[74.044937,18.491071],[74.045207,18.49111]]}},{"type":"Feature","id":247057432,"properties":{"id":247057432,"railway":"rail","service":null,"name":"Pune - Daund Railway Line","usage":"main","gauge":"1676","electrified":"contact_line","voltage":"25000","frequency":"50","operator":"Central Railway","highspeed":"no","tracks":1,"network_type":"mainline","corridor":"PUNE-LNL"},"geometry":{"type":"LineString","coordinates":[[74.025376,18.489746],[74.025633,18.489702]]}},{"type":"Feature","id":247057433,"properties":{"id":247057433,"railway":"rail","service":null,"name":"Pune - Daund Railway Line","usage":"main","gauge":"1676","electrified":"contact_line","voltage":"25000","frequency":"50","operator":"Central Railway","highspeed":"no","tracks":1,"network_type":"mainline","corridor":"PUNE-LNL"},"geometry":{"type":"LineString","coordinates":[[73.995372,18.502038],[73.987092,18.505643]]}},{"type":"Feature","id":247057434,"properties":{"id":247057434,"railway":"rail","service":null,"name":"Pune - Daund Railway Line","usage":"main","gauge":"1676","electrified":"contact_line","voltage":"25000","frequency":"50","operator":"Central Railway","highspeed":"no","tracks":1,"network_type":"mainline","corridor":"PUNE-LNL"},"geometry":{"type":"LineString","coordinates":[[73.97547,18.510771],[73.975735,18.510653]]}},{"type":"Feature","id":247057435,"properties":{"id":247057435,"railway":"rail","service":null,"name":"Pune - Daund Railway Line","usage":"main","gauge":"1676","electrified":"contact_line","voltage":"25000","frequency":"50","operator":"Central Railway","highspeed":"no","tracks":1,"network_type":"mainline","corridor":"PUNE-LNL"},"geometry":{"type":"LineString","coordinates":[[73.98712,18.505683],[73.995398,18.502081]]}},{"type":"Feature","id":247057436,"properties":{"id":247057436,"railway":"rail","service":null,"name":"Pune - Daund Railway Line","usage":"main","gauge":"1676","electrified":"contact_line","voltage":"25000","frequency":"50","operator":"Central Railway","highspeed":"no","tracks":1,"network_type":"mainline","corridor":"PUNE-LNL"},"geometry":{"type":"LineString","coordinates":[[73.98694,18.505714],[73.975717,18.510606]]}},{"type":"Feature","id":247057437,"properties":{"id":247057437,"railway":"rail","service":null,"name":"Pune - Daund Railway Line","usage":"main","gauge":"1676","electrified":"contact_line","voltage":"25000","frequency":"50","operator":"Central Railway","highspeed":"no","tracks":1,"network_type":"mainline","corridor":"PUNE-LNL"},"geometry":{"type":"LineString","coordinates":[[74.010343,18.495508],[74.010123,18.495607]]}},{"type":"Feature","id":247057438,"properties":{"id":247057438,"railway":"rail","service":null,"name":"Pune - Daund Railway Line","usage":"main","gauge":"1676","electrified":"contact_line","voltage":"25000","frequency":"50","operator":"Central Railway","highspeed":"no","tracks":1,"network_type":"mainline","corridor":"PUNE-LNL"},"geometry":{"type":"LineString","coordinates":[[73.975735,18.510653],[73.986966,18.505757]]}},{"type":"Feature","id":247057439,"properties":{"id":247057439,"railway":"rail","service":null,"name":"Pune - Daund Railway Line","usage":"main","gauge":"1676","electrified":"contact_line","voltage":"25000","frequency":"50","operator":"Central Railway","highspeed":"no","tracks":1,"network_type":"mainline","corridor":"PUNE-LNL"},"geometry":{"type":"LineString","coordinates":[[74.045215,18.491061],[74.044944,18.491022]]}},{"type":"Feature","id":247057441,"properties":{"id":247057441,"railway":"rail","service":null,"name":"Pune - Daund Railway Line","usage":"main","gauge":"1676","electrified":"contact_line","voltage":"25000","frequency":"50","operator":"Central Railway","highspeed":"no","tracks":1,"network_type":"mainline","corridor":"PUNE-LNL"},"geometry":{"type":"LineString","coordinates":[[74.026496,18.489555],[74.026854,18.489493]]}},{"type":"Feature","id":247057442,"properties":{"id":247057442,"railway":"rail","service":null,"name":"Pune - Daund Railway Line","usage":"main","gauge":"1676","electrified":"contact_line","voltage":"25000","frequency":"50","operator":"Central Railway","highspeed":"no","tracks":1,"network_type":"mainline","corridor":"PUNE-LNL"},"geometry":{"type":"LineString","coordinates":[[73.995398,18.502081],[73.995706,18.501947]]}},{"type":"Feature","id":247057443,"properties":{"id":247057443,"railway":"rail","service":null,"name":"Pune - Daund Railway Line","usage":"main","gauge":"1676","electrified":"contact_line","voltage":"25000","frequency":"50","operator":"Central Railway","highspeed":"no","tracks":1,"network_type":"mainline","corridor":"PUNE-LNL"},"geometry":{"type":"LineString","coordinates":[[74.02685,18.489444],[74.026484,18.489506]]}},{"type":"Feature","id":247057444,"properties":{"id":247057444,"railway":"rail","service":null,"name":"Pune - Daund Railway Line","usage":"main","gauge":"1676","electrified":"contact_line","voltage":"25000","frequency":"50","operator":"Central Railway","highspeed":"no","tracks":1,"network_type":"mainline","corridor":"PUNE-LNL"},"geometry":{"type":"LineString","coordinates":[[74.025626,18.489653],[74.025368,18.489697]]}},{"type":"Feature","id":247057445,"properties":{"id":247057445,"railway":"rail","service":null,"name":"Pune - Daund Railway Line","usage":"main","gauge":"1676","electrified":"contact_line","voltage":"25000","frequency":"50","operator":"Central Railway","highspeed":"no","tracks":1,"network_type":"mainline","corridor":"PUNE-LNL"},"geometry":{"type":"LineString","coordinates":[[73.975717,18.510606],[73.975446,18.510724]]}},{"type":"Feature","id":247057446,"properties":{"id":247057446,"railway":"rail","service":null,"name":"Pune - Daund Railway Line","usage":"main","gauge":"1676","electrified":"contact_line","voltage":"25000","frequency":"50","operator":"Central Railway","highspeed":"no","tracks":1,"network_type":"mainline","corridor":"PUNE-LNL"},"geometry":{"type":"LineString","coordinates":[[74.026484,18.489506],[74.025626,18.489653]]}},{"type":"Feature","id":247057448,"properties":{"id":247057448,"railway":"rail","service":null,"name":"Pune - Daund Railway Line","usage":"main","gauge":"1676","electrified":"contact_line","voltage":"25000","frequency":"50","operator":"Central Railway","highspeed":"no","tracks":1,"network_type":"mainline","corridor":"PUNE-LNL"},"geometry":{"type":"LineString","coordinates":[[73.995689,18.5019],[73.995372,18.502038]]}},{"type":"Feature","id":247057449,"properties":{"id":247057449,"railway":"rail","service":null,"name":"Pune - Daund Railway Line","usage":"main","gauge":"1676","electrified":"contact_line","voltage":"25000","frequency":"50","operator":"Central Railway","highspeed":"no","tracks":1,"network_type":"mainline","corridor":"PUNE-LNL"},"geometry":{"type":"LineString","coordinates":[[73.975446,18.510724],[73.97152,18.512435],[73.970031,18.513085],[73.95925,18.517794],[73.957995,18.518357],[73.954834,18.519713],[73.953913,18.520082],[73.952733,18.520513],[73.952239,18.520689],[73.951664,18.520883],[73.948725,18.521781],[73.935611,18.525694],[73.93521,18.525804],[73.934877,18.525887],[73.934455,18.525972],[73.93402,18.526045],[73.933586,18.526114],[73.931064,18.526429],[73.922771,18.527414],[73.921403,18.527578],[73.902825,18.529796]]}},{"type":"Feature","id":247057450,"properties":{"id":247057450,"railway":"rail","service":null,"name":"Pune - Daund Railway Line","usage":"main","gauge":"1676","electrified":"contact_line","voltage":"25000","frequency":"50","operator":"Central Railway","highspeed":"no","tracks":1,"network_type":"mainline","corridor":"PUNE-LNL"},"geometry":{"type":"LineString","coordinates":[[73.995706,18.501947],[74.001221,18.499543],[74.010145,18.495652]]}},{"type":"Feature","id":247057451,"properties":{"id":247057451,"railway":"rail","service":null,"name":"Pune - Daund Railway Line","usage":"main","gauge":"1676","electrified":"contact_line","voltage":"25000","frequency":"50","operator":"Central Railway","highspeed":"no","tracks":1,"network_type":"mainline","corridor":"PUNE-LNL"},"geometry":{"type":"LineString","coordinates":[[74.010123,18.495607],[74.001197,18.499499],[73.995689,18.5019]]}},{"type":"Feature","id":247057452,"properties":{"id":247057452,"railway":"rail","service":null,"name":"Pune - Daund Railway Line","usage":"main","gauge":"1676","electrified":"no","voltage":"25000","frequency":"50","operator":"Central Railway","highspeed":"no","tracks":1,"network_type":"mainline","corridor":"PUNE-LNL"},"geometry":{"type":"LineString","coordinates":[[73.922778,18.527463],[73.923169,18.527466],[73.923327,18.527458],[73.923479,18.527442],[73.927125,18.526995],[73.930249,18.526612],[73.930639,18.526559],[73.93107,18.526478]]}},{"type":"Feature","id":247057453,"properties":{"id":247057453,"railway":"rail","service":null,"name":"Pune - Daund Railway Line","usage":"main","gauge":"1676","electrified":"no","voltage":"25000","frequency":"50","operator":"Central Railway","highspeed":"no","tracks":1,"network_type":"mainline","corridor":"PUNE-LNL"},"geometry":{"type":"LineString","coordinates":[[73.921403,18.527578],[73.921988,18.527465],[73.925344,18.527065],[73.927742,18.526779],[73.929635,18.526553],[73.930239,18.526482],[73.930628,18.526448],[73.931064,18.526429]]}},{"type":"Feature","id":247057454,"properties":{"id":247057454,"railway":"rail","service":"siding","name":null,"usage":"service","gauge":"1676","electrified":"contact_line","voltage":"25000","frequency":"50","operator":"Central Railway","highspeed":"no","tracks":1,"network_type":"yard_loop","corridor":"PUNE-DIV"},"geometry":{"type":"LineString","coordinates":[[73.925344,18.527065],[73.926108,18.526908],[73.92636,18.526849],[73.926581,18.526812],[73.926987,18.526754],[73.927391,18.526696],[73.928185,18.526602],[73.928819,18.52655],[73.929141,18.526552],[73.929635,18.526553]]}},{"type":"Feature","id":247057455,"properties":{"id":247057455,"railway":"rail","service":null,"name":null,"usage":"industrial","gauge":"1676","electrified":"no","voltage":"25000","frequency":"50","operator":"Central Railway","highspeed":"no","tracks":1,"network_type":"mainline","corridor":"PUNE-DIV"},"geometry":{"type":"LineString","coordinates":[[74.019604,18.491162],[74.019876,18.491065],[74.020129,18.490978],[74.020303,18.49088],[74.020503,18.49078],[74.020716,18.49067],[74.020919,18.490583],[74.021222,18.490476],[74.021521,18.490383],[74.021801,18.490329],[74.023271,18.490091]]}},{"type":"Feature","id":247057457,"properties":{"id":247057457,"railway":"rail","service":null,"name":null,"usage":"industrial","gauge":"1676","electrified":"no","voltage":"25000","frequency":"50","operator":"Central Railway","highspeed":"no","tracks":1,"network_type":"mainline","corridor":"PUNE-DIV"},"geometry":{"type":"LineString","coordinates":[[74.028033,18.489385],[74.028611,18.489369],[74.02885,18.489362],[74.029275,18.489321],[74.029859,18.489287],[74.030237,18.489281],[74.030608,18.489279],[74.030982,18.489294],[74.031468,18.489333],[74.031955,18.489378],[74.032533,18.489445],[74.033228,18.48955],[74.034014,18.489671]]}},{"type":"Feature","id":247057458,"properties":{"id":247057458,"railway":"rail","service":null,"name":null,"usage":"industrial","gauge":"1676","electrified":"no","voltage":"25000","frequency":"50","operator":"Central Railway","highspeed":"no","tracks":1,"network_type":"mainline","corridor":"PUNE-DIV"},"geometry":{"type":"LineString","coordinates":[[74.015824,18.4932],[74.015949,18.493174],[74.016107,18.493125],[74.017505,18.492529],[74.01773,18.492453],[74.017981,18.492373],[74.018209,18.492296],[74.01857,18.49214],[74.02014,18.491447],[74.020367,18.491359],[74.020591,18.491273],[74.02075,18.491201],[74.021,18.491077],[74.021148,18.490998],[74.021304,18.490926],[74.021492,18.490859],[74.021724,18.490773],[74.02282,18.490419]]}},{"type":"Feature","id":247057459,"properties":{"id":247057459,"railway":"rail","service":null,"name":null,"usage":"industrial","gauge":"1676","electrified":"no","voltage":"25000","frequency":"50","operator":"Central Railway","highspeed":"no","tracks":1,"network_type":"mainline","corridor":"PUNE-DIV"},"geometry":{"type":"LineString","coordinates":[[74.027425,18.489396],[74.027784,18.489378],[74.028033,18.489385],[74.028334,18.489404],[74.028625,18.489412],[74.028862,18.489404],[74.029278,18.489375],[74.029861,18.489341],[74.030237,18.489335],[74.030607,18.489333],[74.030978,18.489348],[74.031462,18.489387],[74.031949,18.489431],[74.032525,18.489499],[74.033221,18.489604],[74.034014,18.489671],[74.034563,18.489717],[74.035359,18.489794]]}},{"type":"Feature","id":247057460,"properties":{"id":247057460,"railway":"rail","service":"yard","name":null,"usage":"industrial","gauge":"1676","electrified":"no","voltage":"25000","frequency":"50","operator":"Central Railway","highspeed":"no","tracks":1,"network_type":"yard_loop","corridor":"PUNE-DIV"},"geometry":{"type":"LineString","coordinates":[[74.02647,18.489466],[74.026839,18.4894]]}},{"type":"Feature","id":247057461,"properties":{"id":247057461,"railway":"rail","service":"siding","name":null,"usage":"industrial","gauge":"1676","electrified":"no","voltage":"25000","frequency":"50","operator":"Central Railway","highspeed":"no","tracks":1,"network_type":"yard_loop","corridor":"PUNE-DIV"},"geometry":{"type":"LineString","coordinates":[[74.012583,18.494083],[74.012104,18.494299]]}},{"type":"Feature","id":247057462,"properties":{"id":247057462,"railway":"rail","service":"yard","name":null,"usage":"industrial","gauge":"1676","electrified":"no","voltage":"25000","frequency":"50","operator":"Central Railway","highspeed":"no","tracks":1,"network_type":"yard_loop","corridor":"PUNE-DIV"},"geometry":{"type":"LineString","coordinates":[[74.025366,18.489652],[74.025621,18.489608]]}},{"type":"Feature","id":247057463,"properties":{"id":247057463,"railway":"rail","service":"yard","name":null,"usage":"industrial","gauge":"1676","electrified":"no","voltage":"25000","frequency":"50","operator":"Central Railway","highspeed":"no","tracks":1,"network_type":"yard_loop","corridor":"PUNE-DIV"},"geometry":{"type":"LineString","coordinates":[[74.025621,18.489608],[74.02647,18.489466]]}},{"type":"Feature","id":247057464,"properties":{"id":247057464,"railway":"rail","service":null,"name":null,"usage":"industrial","gauge":"1676","electrified":"no","voltage":"25000","frequency":"50","operator":"Central Railway","highspeed":"no","tracks":1,"network_type":"mainline","corridor":"PUNE-DIV"},"geometry":{"type":"LineString","coordinates":[[74.012831,18.49399],[74.012583,18.494083]]}},{"type":"Feature","id":247057465,"properties":{"id":247057465,"railway":"rail","service":null,"name":null,"usage":"industrial","gauge":"1676","electrified":"no","voltage":"25000","frequency":"50","operator":"Central Railway","highspeed":"no","tracks":1,"network_type":"mainline","corridor":"PUNE-DIV"},"geometry":{"type":"LineString","coordinates":[[74.02282,18.490419],[74.02303,18.490323],[74.02326,18.490232]]}},{"type":"Feature","id":247057466,"properties":{"id":247057466,"railway":"rail","service":null,"name":null,"usage":"industrial","gauge":"1676","electrified":"no","voltage":"25000","frequency":"50","operator":"Central Railway","highspeed":"no","tracks":1,"network_type":"mainline","corridor":"PUNE-DIV"},"geometry":{"type":"LineString","coordinates":[[74.019146,18.491297],[74.019363,18.49123],[74.019604,18.491162]]}},{"type":"Feature","id":247057467,"properties":{"id":247057467,"railway":"rail","service":null,"name":null,"usage":"industrial","gauge":"1676","electrified":"no","voltage":"25000","frequency":"50","operator":"Central Railway","highspeed":"no","tracks":1,"network_type":"mainline","corridor":"PUNE-DIV"},"geometry":{"type":"LineString","coordinates":[[74.017573,18.491706],[74.017968,18.491608],[74.018205,18.491533],[74.018684,18.491385]]}},{"type":"Feature","id":247057470,"properties":{"id":247057470,"railway":"rail","service":null,"name":null,"usage":"industrial","gauge":"1676","electrified":"no","voltage":"25000","frequency":"50","operator":"Central Railway","highspeed":"no","tracks":1,"network_type":"mainline","corridor":"PUNE-DIV"},"geometry":{"type":"LineString","coordinates":[[74.018684,18.491385],[74.019133,18.49125],[74.019346,18.491202],[74.019604,18.491162]]}},{"type":"Feature","id":247057472,"properties":{"id":247057472,"railway":"rail","service":"siding","name":null,"usage":"industrial","gauge":"1676","electrified":"no","voltage":"25000","frequency":"50","operator":"Central Railway","highspeed":"no","tracks":1,"network_type":"yard_loop","corridor":"PUNE-DIV"},"geometry":{"type":"LineString","coordinates":[[74.011679,18.494285],[74.016952,18.491975],[74.017125,18.491907],[74.017968,18.491608]]}},{"type":"Feature","id":247057475,"properties":{"id":247057475,"railway":"rail","service":"siding","name":null,"usage":"industrial","gauge":"1676","electrified":"no","voltage":"25000","frequency":"50","operator":"Central Railway","highspeed":"no","tracks":1,"network_type":"yard_loop","corridor":"PUNE-DIV"},"geometry":{"type":"LineString","coordinates":[[74.012831,18.49399],[74.013135,18.493903],[74.013273,18.493847],[74.018729,18.491479],[74.019146,18.491297]]}},{"type":"Feature","id":247057477,"properties":{"id":247057477,"railway":"rail","service":"siding","name":null,"usage":"industrial","gauge":"1676","electrified":"no","voltage":"25000","frequency":"50","operator":"Central Railway","highspeed":"no","tracks":1,"network_type":"yard_loop","corridor":"PUNE-DIV"},"geometry":{"type":"LineString","coordinates":[[74.012831,18.49399],[74.013114,18.493861],[74.013251,18.493802],[74.018708,18.491434],[74.019146,18.491297]]}},{"type":"Feature","id":247057478,"properties":{"id":247057478,"railway":"rail","service":"siding","name":null,"usage":"industrial","gauge":"1676","electrified":"no","voltage":"25000","frequency":"50","operator":"Central Railway","highspeed":"no","tracks":1,"network_type":"yard_loop","corridor":"PUNE-DIV"},"geometry":{"type":"LineString","coordinates":[[74.011629,18.494183],[74.016903,18.491872],[74.017095,18.491812],[74.017309,18.491756],[74.017573,18.491706]]}},{"type":"Feature","id":247057479,"properties":{"id":247057479,"railway":"rail","service":"siding","name":null,"usage":"industrial","gauge":"1676","electrified":"no","voltage":"25000","frequency":"50","operator":"Central Railway","highspeed":"no","tracks":1,"network_type":"yard_loop","corridor":"PUNE-DIV"},"geometry":{"type":"LineString","coordinates":[[74.011655,18.494236],[74.016929,18.491925],[74.017105,18.491856],[74.017313,18.491788],[74.017573,18.491706]]}},{"type":"Feature","id":247057480,"properties":{"id":247057480,"railway":"rail","service":"siding","name":null,"usage":"industrial","gauge":"1676","electrified":"no","voltage":"25000","frequency":"50","operator":"Central Railway","highspeed":"no","tracks":1,"network_type":"yard_loop","corridor":"PUNE-DIV"},"geometry":{"type":"LineString","coordinates":[[74.012583,18.494083],[74.012803,18.493959],[74.01306,18.493829],[74.013227,18.493753],[74.018684,18.491385]]}},{"type":"Feature","id":247057481,"properties":{"id":247057481,"railway":"rail","service":"yard","name":null,"usage":"industrial","gauge":"1676","electrified":"no","voltage":"25000","frequency":"50","operator":"Central Railway","highspeed":"no","tracks":1,"network_type":"yard_loop","corridor":"PUNE-DIV"},"geometry":{"type":"LineString","coordinates":[[74.023271,18.490091],[74.023891,18.489923],[74.024202,18.489858],[74.024596,18.489783],[74.025366,18.489652]]}},{"type":"Feature","id":247057482,"properties":{"id":247057482,"railway":"rail","service":null,"name":null,"usage":"industrial","gauge":"1676","electrified":"no","voltage":"25000","frequency":"50","operator":"Central Railway","highspeed":"no","tracks":1,"network_type":"mainline","corridor":"PUNE-DIV"},"geometry":{"type":"LineString","coordinates":[[74.021801,18.490329],[74.022097,18.490322],[74.022264,18.490317],[74.022461,18.490296],[74.022606,18.490271],[74.022781,18.490234]]}},{"type":"Feature","id":247057484,"properties":{"id":247057484,"railway":"rail","service":null,"name":null,"usage":"industrial","gauge":"1676","electrified":"no","voltage":"25000","frequency":"50","operator":"Central Railway","highspeed":"no","tracks":1,"network_type":"mainline","corridor":"PUNE-DIV"},"geometry":{"type":"LineString","coordinates":[[74.020437,18.491611],[74.021274,18.49127],[74.021417,18.49121],[74.021548,18.491142],[74.021652,18.491085],[74.021742,18.49103],[74.02282,18.490419]]}},{"type":"Feature","id":247057486,"properties":{"id":247057486,"railway":"rail","service":"yard","name":null,"usage":"industrial","gauge":"1676","electrified":"no","voltage":"25000","frequency":"50","operator":"Central Railway","highspeed":"no","tracks":1,"network_type":"yard_loop","corridor":"PUNE-DIV"},"geometry":{"type":"LineString","coordinates":[[74.026839,18.4894],[74.027811,18.489234],[74.028253,18.489167],[74.028698,18.489114],[74.029249,18.489057],[74.029848,18.489022],[74.030234,18.489016],[74.030613,18.489014],[74.031012,18.489028]]}},{"type":"Feature","id":248473405,"properties":{"id":248473405,"railway":"rail","service":null,"name":"Pune - Daund Railway Line","usage":"main","gauge":"1676","electrified":"contact_line","voltage":"25000","frequency":"50","operator":"Central Railway","highspeed":"no","tracks":1,"network_type":"mainline","corridor":"PUNE-LNL"},"geometry":{"type":"LineString","coordinates":[[74.073565,18.493774],[74.07206,18.493769],[74.065432,18.493753],[74.064925,18.493752],[74.064606,18.49375],[74.064158,18.493729],[74.063822,18.493707],[74.063469,18.49368],[74.063131,18.493647],[74.062724,18.493593],[74.045215,18.491061]]}},{"type":"Feature","id":254627445,"properties":{"id":254627445,"railway":"rail","service":null,"name":"Pune - Miraj Railway Line","usage":"main","gauge":"1676","electrified":"contact_line","voltage":"25000","frequency":"50","operator":"Central Railway","highspeed":"no","tracks":1,"network_type":"mainline","corridor":"PUNE-LNL"},"geometry":{"type":"LineString","coordinates":[[73.886228,18.531616],[73.886519,18.531533],[73.88678,18.531446],[73.890076,18.530015],[73.891105,18.52955],[73.891895,18.529148],[73.892443,18.528901],[73.892826,18.528739],[73.893947,18.528246],[73.895104,18.527737],[73.895288,18.527656]]}},{"type":"Feature","id":257032061,"properties":{"id":257032061,"railway":"rail","service":null,"name":null,"usage":"main","gauge":"1676","electrified":"contact_line","voltage":"25000","frequency":"50","operator":"Central Railway","highspeed":"no","tracks":1,"network_type":"mainline","corridor":"PUNE-DIV"},"geometry":{"type":"LineString","coordinates":[[73.352994,18.841481],[73.353002,18.841976],[73.353023,18.842244],[73.353072,18.842479],[73.353177,18.842782],[73.353291,18.843057],[73.353495,18.843422],[73.353775,18.843777],[73.35401,18.844019],[73.354299,18.844255],[73.354416,18.844331]]}},{"type":"Feature","id":257032062,"properties":{"id":257032062,"railway":"rail","service":"siding","name":null,"usage":"service","gauge":"1676","electrified":"contact_line","voltage":"25000","frequency":"50","operator":"Central Railway","highspeed":"no","tracks":1,"network_type":"yard_loop","corridor":"PUNE-DIV"},"geometry":{"type":"LineString","coordinates":[[73.374152,18.755086],[73.373792,18.755135],[73.373561,18.755168],[73.373268,18.75519],[73.373001,18.755183],[73.372739,18.755151],[73.372437,18.755079],[73.372058,18.75497],[73.371767,18.754852],[73.371503,18.754721],[73.371201,18.754504],[73.370935,18.754273],[73.370701,18.754011],[73.370542,18.753789],[73.370437,18.753636],[73.370363,18.753513],[73.370242,18.753177],[73.370185,18.752984],[73.370132,18.752438],[73.370122,18.752052]]}},{"type":"Feature","id":257032063,"properties":{"id":257032063,"railway":"rail","service":null,"name":"Viaduct 5","usage":"main","gauge":"1676","electrified":"contact_line","voltage":"25000","frequency":"50","operator":"Central Railway","highspeed":"no","tracks":1,"network_type":"mainline","corridor":"PUNE-DIV"},"geometry":{"type":"LineString","coordinates":[[73.354416,18.844331],[73.355196,18.844838]]}},{"type":"Feature","id":257032064,"properties":{"id":257032064,"railway":"rail","service":null,"name":"Viaduct 4","usage":"main","gauge":"1676","electrified":"contact_line","voltage":"25000","frequency":"50","operator":"Central Railway","highspeed":"no","tracks":1,"network_type":"mainline","corridor":"PUNE-DIV"},"geometry":{"type":"LineString","coordinates":[[73.355691,18.845228],[73.355931,18.84549],[73.356059,18.845651]]}},{"type":"Feature","id":257032065,"properties":{"id":257032065,"railway":"rail","service":null,"name":"Tunnel 26","usage":"main","gauge":"1676","electrified":"contact_line","voltage":"25000","frequency":"50","operator":"Central Railway","highspeed":"no","tracks":1,"network_type":"mainline","corridor":"PUNE-DIV"},"geometry":{"type":"LineString","coordinates":[[73.353271,18.840539],[73.353154,18.840874],[73.353062,18.841218],[73.352994,18.841481]]}},{"type":"Feature","id":257032066,"properties":{"id":257032066,"railway":"rail","service":null,"name":null,"usage":"main","gauge":"1676","electrified":"contact_line","voltage":"25000","frequency":"50","operator":"Central Railway","highspeed":"no","tracks":1,"network_type":"mainline","corridor":"PUNE-DIV"},"geometry":{"type":"LineString","coordinates":[[73.355196,18.844838],[73.355592,18.84513],[73.355641,18.845177],[73.355691,18.845228]]}},{"type":"Feature","id":257032067,"properties":{"id":257032067,"railway":"rail","service":null,"name":null,"usage":"main","gauge":"1676","electrified":"contact_line","voltage":"25000","frequency":"50","operator":"Central Railway","highspeed":"no","tracks":1,"network_type":"mainline","corridor":"PUNE-DIV"},"geometry":{"type":"LineString","coordinates":[[73.356545,18.84648],[73.356747,18.846823],[73.357057,18.847351],[73.357179,18.847601],[73.357275,18.847806]]}},{"type":"Feature","id":282753808,"properties":{"id":282753808,"railway":"rail","service":null,"name":null,"usage":"main","gauge":"1676","electrified":"contact_line","voltage":"25000","frequency":"50","operator":"Central Railway","highspeed":"no","tracks":1,"network_type":"mainline","corridor":"PUNE-DIV"},"geometry":{"type":"LineString","coordinates":[[73.36124,18.851209],[73.361515,18.850653],[73.361742,18.850119],[73.361946,18.84946],[73.362023,18.849105],[73.362082,18.848784],[73.362102,18.848597],[73.36211,18.848424],[73.362123,18.848047],[73.362132,18.847301],[73.362101,18.845995],[73.362078,18.844643],[73.362092,18.844338],[73.362119,18.844073],[73.362188,18.843501],[73.362334,18.842376],[73.36265,18.840119],[73.362948,18.837857],[73.363095,18.836725],[73.363204,18.836181],[73.363335,18.8357],[73.363492,18.835233],[73.363566,18.835051],[73.36368,18.834773],[73.363919,18.834243],[73.364154,18.833737],[73.364333,18.833423],[73.364389,18.833338],[73.364536,18.833112],[73.365099,18.832406],[73.365356,18.83213],[73.366591,18.830994],[73.367262,18.830303],[73.36757,18.829928],[73.36789,18.829514],[73.36831,18.828856],[73.368508,18.828488],[73.368593,18.828301],[73.368672,18.828114],[73.368955,18.827385],[73.369091,18.826962],[73.369212,18.826518],[73.36937,18.825451]]}},{"type":"Feature","id":282753809,"properties":{"id":282753809,"railway":"rail","service":null,"name":null,"usage":"main","gauge":"1676","electrified":"contact_line","voltage":"25000","frequency":"50","operator":"Central Railway","highspeed":"no","tracks":1,"network_type":"mainline","corridor":"PUNE-DIV"},"geometry":{"type":"LineString","coordinates":[[73.369322,18.825444],[73.369164,18.826509],[73.369044,18.826949],[73.368909,18.82737],[73.368627,18.828098],[73.368549,18.828284],[73.368464,18.828469],[73.368268,18.828835],[73.367836,18.829488],[73.367534,18.829905],[73.367224,18.830274],[73.366556,18.830962],[73.36532,18.832098],[73.365062,18.832377],[73.364496,18.833087],[73.364367,18.833284],[73.364291,18.8334],[73.364111,18.833716],[73.363875,18.834225],[73.363635,18.834757],[73.363473,18.835127],[73.363434,18.835216],[73.363289,18.835686],[73.363157,18.836171],[73.363047,18.836718],[73.3629,18.837851],[73.362602,18.840113],[73.362286,18.84237],[73.36214,18.843495],[73.362071,18.844068],[73.362044,18.844335],[73.362029,18.844642],[73.362053,18.845996],[73.362084,18.847302],[73.362075,18.848046],[73.362062,18.848422],[73.362054,18.848593],[73.362034,18.848778],[73.361975,18.849096],[73.361898,18.849449],[73.361696,18.850104],[73.361471,18.850634],[73.361198,18.851187]]}},{"type":"Feature","id":342557188,"properties":{"id":342557188,"railway":"rail","service":"yard","name":null,"usage":"service","gauge":"1676","electrified":"contact_line","voltage":"25000","frequency":"50","operator":"Central Railway","highspeed":"no","tracks":1,"network_type":"yard_loop","corridor":"PUNE-DIV"},"geometry":{"type":"LineString","coordinates":[[73.862818,18.528585],[73.862943,18.528595]]}},{"type":"Feature","id":377611181,"properties":{"id":377611181,"railway":"rail","service":null,"name":"Mumbai-Pune Railway","usage":"main","gauge":"1676","electrified":"contact_line","voltage":"25000","frequency":"50","operator":"Central Railway","highspeed":"no","tracks":1,"network_type":"mainline","corridor":"PUNE-LNL"},"geometry":{"type":"LineString","coordinates":[[73.334364,18.850265],[73.333754,18.850099],[73.33242,18.849795],[73.331308,18.849686],[73.330241,18.849753],[73.329408,18.849893]]}},{"type":"Feature","id":384667648,"properties":{"id":384667648,"railway":"rail","service":null,"name":null,"usage":"main","gauge":"1676","electrified":"contact_line","voltage":"25000","frequency":"50","operator":"Central Railway","highspeed":"no","tracks":1,"network_type":"mainline","corridor":"PUNE-DIV"},"geometry":{"type":"LineString","coordinates":[[73.900971,18.530106],[73.901347,18.530038]]}},{"type":"Feature","id":384667649,"properties":{"id":384667649,"railway":"rail","service":null,"name":null,"usage":"main","gauge":"1676","electrified":"contact_line","voltage":"25000","frequency":"50","operator":"Central Railway","highspeed":"no","tracks":1,"network_type":"mainline","corridor":"PUNE-DIV"},"geometry":{"type":"LineString","coordinates":[[73.901366,18.529986],[73.900976,18.530058]]}},{"type":"Feature","id":384667650,"properties":{"id":384667650,"railway":"rail","service":null,"name":null,"usage":"main","gauge":"1676","electrified":"contact_line","voltage":"25000","frequency":"50","operator":"Central Railway","highspeed":"no","tracks":1,"network_type":"mainline","corridor":"PUNE-DIV"},"geometry":{"type":"LineString","coordinates":[[73.902825,18.529796],[73.901502,18.529968],[73.901366,18.529986]]}},{"type":"Feature","id":384667651,"properties":{"id":384667651,"railway":"rail","service":null,"name":null,"usage":"main","gauge":"1676","electrified":"contact_line","voltage":"25000","frequency":"50","operator":"Central Railway","highspeed":"no","tracks":1,"network_type":"mainline","corridor":"PUNE-DIV"},"geometry":{"type":"LineString","coordinates":[[73.901347,18.530038],[73.902011,18.529953],[73.902837,18.529846]]}},{"type":"Feature","id":400625155,"properties":{"id":400625155,"railway":"rail","service":null,"name":"Mumbai-Pune Railway","usage":"main","gauge":"1676","electrified":"contact_line","voltage":"25000","frequency":"50","operator":"Central Railway","highspeed":"no","tracks":1,"network_type":"mainline","corridor":"PUNE-LNL"},"geometry":{"type":"LineString","coordinates":[[73.403372,18.752478],[73.404802,18.751487],[73.405134,18.75126],[73.405323,18.751129],[73.405694,18.750911],[73.406468,18.75041],[73.407703,18.749602],[73.408174,18.749356],[73.408889,18.749033],[73.409508,18.748776],[73.409836,18.74866],[73.410089,18.748586],[73.410418,18.748511],[73.413245,18.747939],[73.413989,18.747789],[73.415271,18.747574],[73.417956,18.747006]]}},{"type":"Feature","id":400625156,"properties":{"id":400625156,"railway":"rail","service":"spur","name":null,"usage":"service","gauge":"1676","electrified":"contact_line","voltage":"25000","frequency":"50","operator":"Central Railway","highspeed":"no","tracks":1,"network_type":"yard_loop","corridor":"PUNE-DIV"},"geometry":{"type":"LineString","coordinates":[[73.418342,18.746852],[73.417549,18.747013],[73.416217,18.74728],[73.415255,18.74746],[73.414163,18.747656],[73.413967,18.747693],[73.413743,18.74772],[73.413011,18.747768],[73.412731,18.747797],[73.412419,18.747843],[73.410283,18.748213],[73.409788,18.748316],[73.409417,18.748412],[73.408998,18.748539],[73.408669,18.748658],[73.408412,18.748769],[73.40779,18.749075]]}},{"type":"Feature","id":400625157,"properties":{"id":400625157,"railway":"rail","service":"yard","name":null,"usage":"service","gauge":"1676","electrified":"contact_line","voltage":"25000","frequency":"50","operator":"Central Railway","highspeed":"no","tracks":1,"network_type":"yard_loop","corridor":"PUNE-DIV"},"geometry":{"type":"LineString","coordinates":[[73.42754,18.745086],[73.42711,18.745217],[73.426957,18.745259],[73.42662,18.745328]]}},{"type":"Feature","id":400625158,"properties":{"id":400625158,"railway":"rail","service":null,"name":"Mumbai-Pune Railway","usage":"main","gauge":"1676","electrified":"contact_line","voltage":"25000","frequency":"50","operator":"Central Railway","highspeed":"no","tracks":1,"network_type":"mainline","corridor":"PUNE-LNL"},"geometry":{"type":"LineString","coordinates":[[73.382562,18.757451],[73.383041,18.757964],[73.38345,18.758315],[73.383836,18.758585],[73.384307,18.758861],[73.384373,18.758899],[73.384766,18.759106],[73.385201,18.7593],[73.385569,18.759412],[73.385885,18.759498],[73.386487,18.759586],[73.387046,18.759598],[73.387492,18.759585],[73.388001,18.759551],[73.390449,18.759336],[73.390886,18.75926],[73.391438,18.759137],[73.392128,18.75892],[73.392784,18.758646],[73.396616,18.756914],[73.397263,18.756599],[73.397817,18.756294],[73.398543,18.755834],[73.399568,18.755139],[73.400365,18.754559],[73.40086,18.754156],[73.401303,18.753838],[73.403372,18.752478]]}},{"type":"Feature","id":400625159,"properties":{"id":400625159,"railway":"rail","service":"spur","name":null,"usage":"service","gauge":"1676","electrified":"contact_line","voltage":"25000","frequency":"50","operator":"Central Railway","highspeed":"no","tracks":1,"network_type":"yard_loop","corridor":"PUNE-DIV"},"geometry":{"type":"LineString","coordinates":[[73.416217,18.74728],[73.415834,18.747318],[73.415675,18.747337],[73.415519,18.74736],[73.415251,18.747408],[73.414159,18.747617],[73.413986,18.747643],[73.413761,18.747668],[73.413488,18.747691],[73.41302,18.747731],[73.412721,18.747759],[73.412416,18.747801],[73.410256,18.748167],[73.409777,18.74827],[73.409405,18.74837],[73.40898,18.748492],[73.408656,18.748612],[73.408395,18.748725],[73.408075,18.748892],[73.40779,18.749075],[73.407711,18.74913],[73.40709,18.749564],[73.406872,18.749737],[73.40665,18.749932],[73.406322,18.750242],[73.406056,18.750465],[73.405681,18.750739],[73.405371,18.750947],[73.40434,18.751633],[73.404156,18.751771],[73.403736,18.7521],[73.403573,18.752229],[73.403319,18.752407],[73.40296,18.752636]]}},{"type":"Feature","id":400625160,"properties":{"id":400625160,"railway":"rail","service":"siding","name":null,"usage":"service","gauge":"1676","electrified":"contact_line","voltage":"25000","frequency":"50","operator":"Central Railway","highspeed":"no","tracks":1,"network_type":"yard_loop","corridor":"PUNE-DIV"},"geometry":{"type":"LineString","coordinates":[[73.42576,18.745606],[73.425457,18.745704],[73.425309,18.745736],[73.424421,18.745918]]}},{"type":"Feature","id":400625161,"properties":{"id":400625161,"railway":"rail","service":null,"name":null,"usage":"main","gauge":"1676","electrified":"contact_line","voltage":"25000","frequency":"50","operator":"Central Railway","highspeed":"no","tracks":1,"network_type":"mainline","corridor":"PUNE-DIV"},"geometry":{"type":"LineString","coordinates":[[73.431132,18.744368],[73.430687,18.744418]]}},{"type":"Feature","id":400625162,"properties":{"id":400625162,"railway":"rail","service":"siding","name":null,"usage":"service","gauge":"1676","electrified":"contact_line","voltage":"25000","frequency":"50","operator":"Central Railway","highspeed":"no","tracks":1,"network_type":"yard_loop","corridor":"PUNE-DIV"},"geometry":{"type":"LineString","coordinates":[[73.409508,18.748776],[73.408749,18.749034],[73.408399,18.749184],[73.408121,18.749318],[73.407777,18.749505],[73.407626,18.749601],[73.405614,18.750917],[73.405323,18.751129]]}},{"type":"Feature","id":400625163,"properties":{"id":400625163,"railway":"rail","service":"spur","name":null,"usage":"service","gauge":"1676","electrified":"contact_line","voltage":"25000","frequency":"50","operator":"Central Railway","highspeed":"no","tracks":1,"network_type":"yard_loop","corridor":"PUNE-DIV"},"geometry":{"type":"LineString","coordinates":[[73.427901,18.744785],[73.427562,18.74474],[73.42731,18.74472],[73.426951,18.744707],[73.42669,18.744719],[73.426455,18.744755],[73.424898,18.745064]]}},{"type":"Feature","id":400644790,"properties":{"id":400644790,"railway":"rail","service":null,"name":"Mumbai-Pune Railway","usage":"main","gauge":"1676","electrified":"contact_line","voltage":"25000","frequency":"50","operator":"Central Railway","highspeed":"no","tracks":1,"network_type":"mainline","corridor":"PUNE-LNL"},"geometry":{"type":"LineString","coordinates":[[73.371878,18.754587],[73.372213,18.754781],[73.372549,18.754921],[73.372797,18.754998],[73.373054,18.755054],[73.3733,18.75509],[73.373552,18.7551],[73.373913,18.755093],[73.374152,18.755086],[73.374483,18.755067],[73.375906,18.754985],[73.376143,18.754971],[73.377387,18.754921],[73.377978,18.75489],[73.378328,18.754897],[73.378628,18.754923],[73.379017,18.754979],[73.379476,18.755099],[73.379891,18.755242],[73.38022,18.755397],[73.380611,18.755609],[73.380805,18.755727],[73.381011,18.755882],[73.38132,18.756135],[73.381598,18.756419]]}},{"type":"Feature","id":400644791,"properties":{"id":400644791,"railway":"rail","service":"yard","name":null,"usage":"service","gauge":"1676","electrified":"contact_line","voltage":"25000","frequency":"50","operator":"Central Railway","highspeed":"no","tracks":1,"network_type":"yard_loop","corridor":"PUNE-DIV"},"geometry":{"type":"LineString","coordinates":[[73.42662,18.745328],[73.418807,18.746884],[73.417893,18.747081],[73.415278,18.747608]]}},{"type":"Feature","id":400644792,"properties":{"id":400644792,"railway":"rail","service":"siding","name":null,"usage":"service","gauge":"1676","electrified":"contact_line","voltage":"25000","frequency":"50","operator":"Central Railway","highspeed":"no","tracks":1,"network_type":"yard_loop","corridor":"PUNE-DIV"},"geometry":{"type":"LineString","coordinates":[[73.428691,18.744763],[73.428416,18.744792],[73.428201,18.744792],[73.427901,18.744785],[73.427169,18.744766],[73.426966,18.744777],[73.426747,18.744803],[73.420557,18.746034],[73.420341,18.746086],[73.419783,18.746278],[73.419526,18.746402],[73.419286,18.746517],[73.418958,18.746643],[73.418673,18.746751],[73.41845,18.746821],[73.418342,18.746852],[73.417552,18.747049]]}},{"type":"Feature","id":400644793,"properties":{"id":400644793,"railway":"rail","service":null,"name":null,"usage":"main","gauge":"1676","electrified":"contact_line","voltage":"25000","frequency":"50","operator":"Central Railway","highspeed":"no","tracks":1,"network_type":"mainline","corridor":"PUNE-DIV"},"geometry":{"type":"LineString","coordinates":[[73.405903,18.750681],[73.40631,18.750333],[73.406495,18.750159],[73.406686,18.749964],[73.406914,18.749776],[73.407142,18.749604],[73.407344,18.749476],[73.407586,18.749351],[73.408522,18.748904],[73.408774,18.748796]]}},{"type":"Feature","id":400644794,"properties":{"id":400644794,"railway":"rail","service":null,"name":"Mumbai-Pune Railway","usage":"main","gauge":"1676","electrified":"contact_line","voltage":"25000","frequency":"50","operator":"Central Railway","highspeed":"no","tracks":1,"network_type":"mainline","corridor":"PUNE-LNL"},"geometry":{"type":"LineString","coordinates":[[73.381598,18.756419],[73.382562,18.757451]]}},{"type":"Feature","id":400644795,"properties":{"id":400644795,"railway":"rail","service":"siding","name":null,"usage":"service","gauge":"1676","electrified":"contact_line","voltage":"25000","frequency":"50","operator":"Central Railway","highspeed":"no","tracks":1,"network_type":"yard_loop","corridor":"PUNE-DIV"},"geometry":{"type":"LineString","coordinates":[[73.405536,18.750934],[73.406056,18.750465]]}},{"type":"Feature","id":400644796,"properties":{"id":400644796,"railway":"rail","service":null,"name":null,"usage":"main","gauge":"1676","electrified":"contact_line","voltage":"25000","frequency":"50","operator":"Central Railway","highspeed":"no","tracks":1,"network_type":"mainline","corridor":"PUNE-DIV"},"geometry":{"type":"LineString","coordinates":[[73.406914,18.749776],[73.407162,18.749561],[73.407369,18.749413],[73.407625,18.749246],[73.407808,18.749146],[73.408614,18.74878],[73.408955,18.748644],[73.409289,18.748532],[73.409661,18.748431],[73.410068,18.748346],[73.410468,18.748274],[73.41077,18.748226],[73.41099,18.748181],[73.411217,18.748147],[73.411661,18.748096],[73.411905,18.748057],[73.412432,18.747959]]}},{"type":"Feature","id":400644797,"properties":{"id":400644797,"railway":"rail","service":null,"name":null,"usage":"main","gauge":"1676","electrified":"contact_line","voltage":"25000","frequency":"50","operator":"Central Railway","highspeed":"no","tracks":1,"network_type":"mainline","corridor":"PUNE-DIV"},"geometry":{"type":"LineString","coordinates":[[73.403355,18.75243],[73.4038,18.752128],[73.404405,18.751711],[73.404776,18.751451],[73.405256,18.751125],[73.405536,18.750934],[73.405903,18.750681],[73.406393,18.75035],[73.406546,18.750238],[73.406834,18.750008],[73.407019,18.749882],[73.407235,18.749757],[73.408098,18.749292],[73.408379,18.749155],[73.408854,18.748963],[73.409117,18.748854],[73.409486,18.748722],[73.409816,18.748618],[73.410077,18.748548],[73.410413,18.748467],[73.411476,18.74825],[73.412192,18.748104],[73.412624,18.74802],[73.413167,18.74791],[73.413977,18.747742]]}},{"type":"Feature","id":400644799,"properties":{"id":400644799,"railway":"rail","service":null,"name":"Mumbai-Pune Railway","usage":"main","gauge":"1676","electrified":"contact_line","voltage":"25000","frequency":"50","operator":"Central Railway","highspeed":"no","tracks":1,"network_type":"mainline","corridor":"PUNE-LNL"},"geometry":{"type":"LineString","coordinates":[[73.403355,18.75243],[73.402988,18.752683],[73.402476,18.753003],[73.401915,18.753326],[73.401559,18.753536],[73.40133,18.753694],[73.400965,18.753981],[73.400766,18.754154],[73.400333,18.75452],[73.39955,18.755095],[73.398522,18.755793],[73.397808,18.756239],[73.397238,18.756556],[73.396598,18.756867],[73.392758,18.758595],[73.39212,18.758867],[73.391432,18.759083],[73.390889,18.759218],[73.390437,18.759293],[73.387995,18.759502],[73.387497,18.75954],[73.387056,18.759567],[73.386496,18.759546],[73.385899,18.75944],[73.3856,18.759365],[73.385214,18.759243],[73.384799,18.759062],[73.384451,18.758881],[73.384337,18.758817],[73.384157,18.758719],[73.383871,18.758551],[73.383492,18.758284],[73.38309,18.757943],[73.383,18.757845],[73.382733,18.757573],[73.382257,18.756949],[73.381951,18.756583],[73.381553,18.756201],[73.381102,18.755806],[73.380544,18.755443],[73.379979,18.755161],[73.379445,18.754969],[73.379015,18.754846],[73.378491,18.754748],[73.3781,18.754707],[73.377754,18.754691],[73.377375,18.754689],[73.377082,18.754691],[73.376716,18.754723],[73.375238,18.754978],[73.374768,18.755024],[73.374483,18.755032],[73.374239,18.755025],[73.374024,18.754999],[73.373512,18.754895],[73.373204,18.754782],[73.372905,18.754646],[73.372572,18.754478],[73.372318,18.754292],[73.372094,18.75411],[73.371866,18.753892],[73.371635,18.753653]]}},{"type":"Feature","id":400644800,"properties":{"id":400644800,"railway":"rail","service":"yard","name":null,"usage":"service","gauge":"1676","electrified":"contact_line","voltage":"25000","frequency":"50","operator":"Central Railway","highspeed":"no","tracks":1,"network_type":"yard_loop","corridor":"PUNE-DIV"},"geometry":{"type":"LineString","coordinates":[[73.409761,18.748911],[73.409488,18.749058],[73.409329,18.749134],[73.40916,18.749201]]}},{"type":"Feature","id":400644801,"properties":{"id":400644801,"railway":"rail","service":"yard","name":null,"usage":"service","gauge":"1676","electrified":"contact_line","voltage":"25000","frequency":"50","operator":"Central Railway","highspeed":"no","tracks":1,"network_type":"yard_loop","corridor":"PUNE-DIV"},"geometry":{"type":"LineString","coordinates":[[73.426162,18.745474],[73.42576,18.745606],[73.419904,18.74677],[73.419768,18.746795],[73.419344,18.746834],[73.418807,18.746884]]}},{"type":"Feature","id":400644802,"properties":{"id":400644802,"railway":"rail","service":"siding","name":null,"usage":"service","gauge":"1676","electrified":"contact_line","voltage":"25000","frequency":"50","operator":"Central Railway","highspeed":"no","tracks":1,"network_type":"yard_loop","corridor":"PUNE-DIV"},"geometry":{"type":"LineString","coordinates":[[73.427092,18.744896],[73.426722,18.744927],[73.426502,18.744958],[73.420261,18.746197],[73.419934,18.746268],[73.419526,18.746402]]}},{"type":"Feature","id":400644803,"properties":{"id":400644803,"railway":"rail","service":"yard","name":null,"usage":"service","gauge":"1676","electrified":"contact_line","voltage":"25000","frequency":"50","operator":"Central Railway","highspeed":"no","tracks":1,"network_type":"yard_loop","corridor":"PUNE-DIV"},"geometry":{"type":"LineString","coordinates":[[73.410642,18.74901],[73.411013,18.74869],[73.411212,18.748555],[73.411416,18.748433],[73.411628,18.748341],[73.411845,18.74826]]}},{"type":"Feature","id":400644804,"properties":{"id":400644804,"railway":"rail","service":"yard","name":null,"usage":"service","gauge":"1676","electrified":"contact_line","voltage":"25000","frequency":"50","operator":"Central Railway","highspeed":"no","tracks":1,"network_type":"yard_loop","corridor":"PUNE-DIV"},"geometry":{"type":"LineString","coordinates":[[73.409142,18.749161],[73.409761,18.748911],[73.409971,18.748827],[73.410086,18.748768],[73.41027,18.748652]]}},{"type":"Feature","id":400644805,"properties":{"id":400644805,"railway":"rail","service":"siding","name":null,"usage":"service","gauge":"1676","electrified":"contact_line","voltage":"25000","frequency":"50","operator":"Central Railway","highspeed":"no","tracks":1,"network_type":"yard_loop","corridor":"PUNE-DIV"},"geometry":{"type":"LineString","coordinates":[[73.427662,18.744846],[73.427092,18.744896],[73.426723,18.744964],[73.420125,18.746284],[73.41995,18.746334],[73.419578,18.746471],[73.418958,18.746643]]}},{"type":"Feature","id":400644806,"properties":{"id":400644806,"railway":"rail","service":"yard","name":null,"usage":"service","gauge":"1676","electrified":"contact_line","voltage":"25000","frequency":"50","operator":"Central Railway","highspeed":"no","tracks":1,"network_type":"yard_loop","corridor":"PUNE-DIV"},"geometry":{"type":"LineString","coordinates":[[73.410418,18.748511],[73.410179,18.748591],[73.40998,18.748673],[73.409736,18.748798],[73.409552,18.748888],[73.409103,18.749072]]}},{"type":"Feature","id":400644807,"properties":{"id":400644807,"railway":"rail","service":"siding","name":null,"usage":"service","gauge":"1676","electrified":"contact_line","voltage":"25000","frequency":"50","operator":"Central Railway","highspeed":"no","tracks":1,"network_type":"yard_loop","corridor":"PUNE-DIV"},"geometry":{"type":"LineString","coordinates":[[73.428416,18.744792],[73.428191,18.744816],[73.427662,18.744846],[73.427021,18.744836],[73.426806,18.744854],[73.426565,18.744889],[73.420409,18.746124],[73.420253,18.746162],[73.419934,18.746268]]}},{"type":"Feature","id":400644808,"properties":{"id":400644808,"railway":"rail","service":"siding","name":null,"usage":"service","gauge":"1676","electrified":"contact_line","voltage":"25000","frequency":"50","operator":"Central Railway","highspeed":"no","tracks":1,"network_type":"yard_loop","corridor":"PUNE-DIV"},"geometry":{"type":"LineString","coordinates":[[73.429697,18.744609],[73.429222,18.744658],[73.428691,18.744763],[73.427539,18.744997],[73.427298,18.745033],[73.426258,18.745135],[73.425996,18.745176],[73.420088,18.746346],[73.419578,18.746471]]}},{"type":"Feature","id":440330695,"properties":{"id":440330695,"railway":"rail","service":"yard","name":null,"usage":"service","gauge":"1676","electrified":"contact_line","voltage":"25000","frequency":"50","operator":"Central Railway","highspeed":"no","tracks":1,"network_type":"yard_loop","corridor":"PUNE-DIV"},"geometry":{"type":"LineString","coordinates":[[73.415278,18.747608],[73.413841,18.747863],[73.411845,18.74826],[73.410787,18.748474],[73.410621,18.748518],[73.410469,18.748572],[73.41027,18.748652],[73.409124,18.74912]]}},{"type":"Feature","id":447391215,"properties":{"id":447391215,"railway":"disused","service":null,"name":null,"usage":"main","gauge":"1676","electrified":"contact_line","voltage":"25000","frequency":"50","operator":"Central Railway","highspeed":"no","tracks":1,"network_type":"mainline","corridor":"PUNE-DIV"},"geometry":{"type":"LineString","coordinates":[[73.85492,18.571151],[73.85547,18.571346],[73.856009,18.571568],[73.856082,18.571608],[73.856489,18.571698],[73.856889,18.571712],[73.857477,18.571678],[73.857674,18.571666],[73.857943,18.571648],[73.858811,18.571645]]}},{"type":"Feature","id":484272328,"properties":{"id":484272328,"railway":"rail","service":null,"name":null,"usage":"branch","gauge":"1676","electrified":"contact_line","voltage":"25000","frequency":"50","operator":"Central Railway","highspeed":"no","tracks":1,"network_type":"mainline","corridor":"PUNE-DIV"},"geometry":{"type":"LineString","coordinates":[[73.343299,18.791306],[73.343608,18.790975],[73.343841,18.79072],[73.344459,18.790053],[73.34511,18.789356],[73.345496,18.788945]]}},{"type":"Feature","id":484272329,"properties":{"id":484272329,"railway":"rail","service":null,"name":null,"usage":"branch","gauge":"1676","electrified":"contact_line","voltage":"25000","frequency":"50","operator":"Central Railway","highspeed":"no","tracks":1,"network_type":"mainline","corridor":"PUNE-DIV"},"geometry":{"type":"LineString","coordinates":[[73.342824,18.791814],[73.342994,18.791628]]}},{"type":"Feature","id":484272336,"properties":{"id":484272336,"railway":"rail","service":null,"name":null,"usage":"branch","gauge":"1676","electrified":"contact_line","voltage":"25000","frequency":"50","operator":"Central Railway","highspeed":"no","tracks":1,"network_type":"mainline","corridor":"PUNE-DIV"},"geometry":{"type":"LineString","coordinates":[[73.319498,18.837793],[73.319514,18.837612]]}},{"type":"Feature","id":484272340,"properties":{"id":484272340,"railway":"rail","service":null,"name":null,"usage":"branch","gauge":"1676","electrified":"contact_line","voltage":"25000","frequency":"50","operator":"Central Railway","highspeed":"no","tracks":1,"network_type":"mainline","corridor":"PUNE-DIV"},"geometry":{"type":"LineString","coordinates":[[73.319514,18.837612],[73.319621,18.836571],[73.319702,18.835908],[73.319768,18.835511],[73.319875,18.834992],[73.319952,18.834681],[73.320036,18.834345],[73.320191,18.833844],[73.320328,18.833402],[73.320482,18.832964],[73.320634,18.832558],[73.320838,18.832108],[73.321098,18.831546],[73.321403,18.831],[73.321776,18.830401],[73.322176,18.829799],[73.32241,18.829481],[73.324222,18.827274],[73.325754,18.825439],[73.331315,18.818754],[73.331685,18.818236],[73.33211,18.817579],[73.332358,18.817172],[73.332581,18.816768],[73.332729,18.816479],[73.332904,18.816121],[73.333052,18.815781],[73.333218,18.815374],[73.333485,18.814628],[73.333752,18.81382],[73.334006,18.813044],[73.334367,18.811934],[73.334652,18.811038],[73.335267,18.809145],[73.335474,18.808526],[73.335696,18.807857],[73.335864,18.807268],[73.338009,18.800748],[73.338366,18.799639],[73.338811,18.798255],[73.339148,18.797296],[73.33918,18.797204],[73.339306,18.796848],[73.339424,18.796564],[73.339529,18.796342],[73.33963,18.796129],[73.33982,18.795765],[73.340029,18.795365],[73.340378,18.794793],[73.340572,18.794518],[73.340825,18.794161],[73.34106,18.793841],[73.341338,18.793489],[73.341585,18.793176],[73.341819,18.792934],[73.342023,18.792703],[73.342824,18.791814]]}},{"type":"Feature","id":484278746,"properties":{"id":484278746,"railway":"rail","service":null,"name":null,"usage":"main","gauge":"1676","electrified":"contact_line","voltage":"25000","frequency":"50","operator":"Central Railway","highspeed":"no","tracks":1,"network_type":"mainline","corridor":"PUNE-DIV"},"geometry":{"type":"LineString","coordinates":[[73.329408,18.849893],[73.329114,18.850022]]}},{"type":"Feature","id":484278750,"properties":{"id":484278750,"railway":"rail","service":null,"name":null,"usage":"main","gauge":"1676","electrified":"contact_line","voltage":"25000","frequency":"50","operator":"Central Railway","highspeed":"no","tracks":1,"network_type":"mainline","corridor":"PUNE-DIV"},"geometry":{"type":"LineString","coordinates":[[73.32896,18.849731],[73.328781,18.849901],[73.328559,18.850089],[73.327945,18.850787],[73.327381,18.851523],[73.32625,18.852983],[73.324576,18.855173],[73.324378,18.855473],[73.324212,18.85577],[73.323643,18.856907],[73.323351,18.857437],[73.323053,18.857877],[73.322146,18.859199],[73.321889,18.859676],[73.32173,18.860108],[73.32165,18.860552],[73.321629,18.860879],[73.32165,18.861273],[73.321741,18.861707],[73.32186,18.862085],[73.32195,18.862314],[73.322109,18.86277],[73.32218,18.862997],[73.322239,18.863295],[73.322275,18.863693],[73.322277,18.863987],[73.322243,18.864484],[73.322171,18.865255],[73.322136,18.86558],[73.322097,18.866199],[73.322069,18.86649],[73.322048,18.866842],[73.322044,18.867119],[73.322081,18.867441],[73.322142,18.867741],[73.322262,18.868111],[73.322398,18.868416],[73.322537,18.868683],[73.322691,18.868913],[73.322832,18.869088],[73.322974,18.869252],[73.323105,18.869392],[73.323244,18.869533],[73.323526,18.869788],[73.324118,18.870292],[73.324312,18.870457]]}},{"type":"Feature","id":484278753,"properties":{"id":484278753,"railway":"rail","service":null,"name":null,"usage":"main","gauge":"1676","electrified":"contact_line","voltage":"25000","frequency":"50","operator":"Central Railway","highspeed":"no","tracks":1,"network_type":"mainline","corridor":"PUNE-DIV"},"geometry":{"type":"LineString","coordinates":[[73.333485,18.848536],[73.332749,18.8485]]}},{"type":"Feature","id":484278764,"properties":{"id":484278764,"railway":"rail","service":null,"name":null,"usage":"main","gauge":"1676","electrified":"contact_line","voltage":"25000","frequency":"50","operator":"Central Railway","highspeed":"no","tracks":1,"network_type":"mainline","corridor":"PUNE-DIV"},"geometry":{"type":"LineString","coordinates":[[73.356059,18.845651],[73.356261,18.845983]]}},{"type":"Feature","id":484278769,"properties":{"id":484278769,"railway":"rail","service":null,"name":null,"usage":"main","gauge":"1676","electrified":"contact_line","voltage":"25000","frequency":"50","operator":"Central Railway","highspeed":"no","tracks":1,"network_type":"mainline","corridor":"PUNE-DIV"},"geometry":{"type":"LineString","coordinates":[[73.358336,18.832484],[73.357954,18.832893],[73.357643,18.833365],[73.357351,18.833873],[73.357144,18.834373],[73.356978,18.835026],[73.356803,18.835739],[73.356521,18.836436]]}},{"type":"Feature","id":484282893,"properties":{"id":484282893,"railway":"rail","service":null,"name":null,"usage":"main","gauge":"1676","electrified":"contact_line","voltage":"25000","frequency":"50","operator":"Central Railway","highspeed":"no","tracks":1,"network_type":"mainline","corridor":"PUNE-DIV"},"geometry":{"type":"LineString","coordinates":[[73.329263,18.849523],[73.32896,18.849731]]}},{"type":"Feature","id":484282894,"properties":{"id":484282894,"railway":"rail","service":null,"name":null,"usage":"main","gauge":"1676","electrified":"contact_line","voltage":"25000","frequency":"50","operator":"Central Railway","highspeed":"no","tracks":1,"network_type":"mainline","corridor":"PUNE-DIV"},"geometry":{"type":"LineString","coordinates":[[73.335055,18.849068],[73.334764,18.848926],[73.333929,18.848644],[73.333485,18.848536]]}},{"type":"Feature","id":484282896,"properties":{"id":484282896,"railway":"rail","service":null,"name":null,"usage":"main","gauge":"1676","electrified":"contact_line","voltage":"25000","frequency":"50","operator":"Central Railway","highspeed":"no","tracks":1,"network_type":"mainline","corridor":"PUNE-DIV"},"geometry":{"type":"LineString","coordinates":[[73.336622,18.850021],[73.336448,18.849914]]}},{"type":"Feature","id":484282902,"properties":{"id":484282902,"railway":"rail","service":null,"name":null,"usage":"main","gauge":"1676","electrified":"contact_line","voltage":"25000","frequency":"50","operator":"Central Railway","highspeed":"no","tracks":1,"network_type":"mainline","corridor":"PUNE-DIV"},"geometry":{"type":"LineString","coordinates":[[73.354946,18.838419],[73.354694,18.838702]]}},{"type":"Feature","id":484282903,"properties":{"id":484282903,"railway":"rail","service":null,"name":null,"usage":"main","gauge":"1676","electrified":"contact_line","voltage":"25000","frequency":"50","operator":"Central Railway","highspeed":"no","tracks":1,"network_type":"mainline","corridor":"PUNE-DIV"},"geometry":{"type":"LineString","coordinates":[[73.356371,18.836721],[73.356101,18.837123],[73.355977,18.837311],[73.355833,18.837485],[73.355458,18.837854],[73.354946,18.838419]]}},{"type":"Feature","id":484282905,"properties":{"id":484282905,"railway":"rail","service":null,"name":null,"usage":"main","gauge":"1676","electrified":"contact_line","voltage":"25000","frequency":"50","operator":"Central Railway","highspeed":"no","tracks":1,"network_type":"mainline","corridor":"PUNE-DIV"},"geometry":{"type":"LineString","coordinates":[[73.356521,18.836436],[73.356371,18.836721]]}},{"type":"Feature","id":485001491,"properties":{"id":485001491,"railway":"rail","service":null,"name":null,"usage":"main","gauge":"1676","electrified":"contact_line","voltage":"25000","frequency":"50","operator":"Central Railway","highspeed":"no","tracks":1,"network_type":"mainline","corridor":"PUNE-DIV"},"geometry":{"type":"LineString","coordinates":[[73.359283,18.815196],[73.359757,18.815459],[73.360275,18.81568]]}},{"type":"Feature","id":485001492,"properties":{"id":485001492,"railway":"rail","service":null,"name":null,"usage":"main","gauge":"1676","electrified":"contact_line","voltage":"25000","frequency":"50","operator":"Central Railway","highspeed":"no","tracks":1,"network_type":"mainline","corridor":"PUNE-DIV"},"geometry":{"type":"LineString","coordinates":[[73.371315,18.819879],[73.371392,18.819629],[73.371463,18.819339],[73.371511,18.819063],[73.37151,18.818652],[73.371415,18.818157]]}},{"type":"Feature","id":485001493,"properties":{"id":485001493,"railway":"rail","service":null,"name":null,"usage":"main","gauge":"1676","electrified":"contact_line","voltage":"25000","frequency":"50","operator":"Central Railway","highspeed":"no","tracks":1,"network_type":"mainline","corridor":"PUNE-DIV"},"geometry":{"type":"LineString","coordinates":[[73.371198,18.81934],[73.371172,18.819584],[73.371135,18.819793],[73.37107,18.820091]]}},{"type":"Feature","id":485005933,"properties":{"id":485005933,"railway":"rail","service":null,"name":null,"usage":"main","gauge":"1676","electrified":"contact_line","voltage":"25000","frequency":"50","operator":"Central Railway","highspeed":"no","tracks":1,"network_type":"mainline","corridor":"PUNE-DIV"},"geometry":{"type":"LineString","coordinates":[[73.371399,18.754242],[73.371637,18.754421],[73.371878,18.754587]]}},{"type":"Feature","id":485005934,"properties":{"id":485005934,"railway":"rail","service":null,"name":null,"usage":"main","gauge":"1676","electrified":"contact_line","voltage":"25000","frequency":"50","operator":"Central Railway","highspeed":"no","tracks":1,"network_type":"mainline","corridor":"PUNE-DIV"},"geometry":{"type":"LineString","coordinates":[[73.364841,18.764321],[73.364807,18.764059]]}},{"type":"Feature","id":485005935,"properties":{"id":485005935,"railway":"rail","service":null,"name":null,"usage":"main","gauge":"1676","electrified":"contact_line","voltage":"25000","frequency":"50","operator":"Central Railway","highspeed":"no","tracks":1,"network_type":"mainline","corridor":"PUNE-DIV"},"geometry":{"type":"LineString","coordinates":[[73.363519,18.760954],[73.363534,18.761164],[73.363579,18.761369],[73.363663,18.761604],[73.36376,18.761821],[73.363878,18.762044],[73.36419,18.762589],[73.364488,18.763118],[73.364642,18.763433],[73.364752,18.763741],[73.364807,18.764059]]}},{"type":"Feature","id":485005936,"properties":{"id":485005936,"railway":"rail","service":null,"name":null,"usage":"main","gauge":"1676","electrified":"contact_line","voltage":"25000","frequency":"50","operator":"Central Railway","highspeed":"no","tracks":1,"network_type":"mainline","corridor":"PUNE-DIV"},"geometry":{"type":"LineString","coordinates":[[73.364766,18.764068],[73.364804,18.764342]]}},{"type":"Feature","id":485005939,"properties":{"id":485005939,"railway":"rail","service":null,"name":null,"usage":"main","gauge":"1676","electrified":"contact_line","voltage":"25000","frequency":"50","operator":"Central Railway","highspeed":"no","tracks":1,"network_type":"mainline","corridor":"PUNE-DIV"},"geometry":{"type":"LineString","coordinates":[[73.36345,18.760951],[73.363473,18.761131],[73.363534,18.761363],[73.363627,18.761617],[73.363732,18.761846],[73.363844,18.762058],[73.364452,18.763141],[73.364598,18.763458],[73.364709,18.763776],[73.364766,18.764068]]}},{"type":"Feature","id":485012455,"properties":{"id":485012455,"railway":"rail","service":null,"name":null,"usage":"main","gauge":"1676","electrified":"contact_line","voltage":"25000","frequency":"50","operator":"Central Railway","highspeed":"no","tracks":1,"network_type":"mainline","corridor":"PUNE-DIV"},"geometry":{"type":"LineString","coordinates":[[73.356261,18.845983],[73.356545,18.84648]]}},{"type":"Feature","id":485012456,"properties":{"id":485012456,"railway":"rail","service":null,"name":null,"usage":"main","gauge":"1676","electrified":"contact_line","voltage":"25000","frequency":"50","operator":"Central Railway","highspeed":"no","tracks":1,"network_type":"mainline","corridor":"PUNE-DIV"},"geometry":{"type":"LineString","coordinates":[[73.367495,18.823139],[73.367247,18.823352]]}},{"type":"Feature","id":485012457,"properties":{"id":485012457,"railway":"rail","service":null,"name":null,"usage":"main","gauge":"1676","electrified":"contact_line","voltage":"25000","frequency":"50","operator":"Central Railway","highspeed":"no","tracks":1,"network_type":"mainline","corridor":"PUNE-DIV"},"geometry":{"type":"LineString","coordinates":[[73.368186,18.821997],[73.368029,18.82234],[73.367827,18.822688],[73.367703,18.822878],[73.367495,18.823139]]}},{"type":"Feature","id":485012458,"properties":{"id":485012458,"railway":"rail","service":null,"name":null,"usage":"main","gauge":"1676","electrified":"contact_line","voltage":"25000","frequency":"50","operator":"Central Railway","highspeed":"no","tracks":1,"network_type":"mainline","corridor":"PUNE-DIV"},"geometry":{"type":"LineString","coordinates":[[73.368856,18.817612],[73.368912,18.817714]]}},{"type":"Feature","id":485012459,"properties":{"id":485012459,"railway":"rail","service":null,"name":null,"usage":"main","gauge":"1676","electrified":"contact_line","voltage":"25000","frequency":"50","operator":"Central Railway","highspeed":"no","tracks":1,"network_type":"mainline","corridor":"PUNE-DIV"},"geometry":{"type":"LineString","coordinates":[[73.368273,18.816837],[73.368593,18.817219]]}},{"type":"Feature","id":598794930,"properties":{"id":598794930,"railway":"rail","service":"crossover","name":null,"usage":"service","gauge":"1676","electrified":"contact_line","voltage":"25000","frequency":"50","operator":"Central Railway","highspeed":"no","tracks":1,"network_type":"yard_loop","corridor":"PUNE-DIV"},"geometry":{"type":"LineString","coordinates":[[73.477075,18.743592],[73.477634,18.743747]]}},{"type":"Feature","id":608433096,"properties":{"id":608433096,"railway":"rail","service":null,"name":null,"usage":"main","gauge":"1676","electrified":"contact_line","voltage":"25000","frequency":"50","operator":"Central Railway","highspeed":"no","tracks":1,"network_type":"mainline","corridor":"PUNE-DIV"},"geometry":{"type":"LineString","coordinates":[[73.567836,18.762196],[73.567407,18.762365],[73.566806,18.762626],[73.566225,18.762907],[73.565863,18.763094],[73.565508,18.763287],[73.562621,18.764968],[73.558938,18.767057],[73.557681,18.767435],[73.556497,18.767659],[73.555421,18.767674],[73.55454,18.767567],[73.553917,18.767456],[73.553601,18.767361],[73.55301,18.767146],[73.552441,18.766918],[73.551029,18.766305],[73.550559,18.766138],[73.550191,18.766025],[73.54977,18.76592],[73.54932,18.765832],[73.548808,18.765756],[73.544585,18.765315],[73.544238,18.76527],[73.543896,18.765211],[73.543334,18.765082],[73.542832,18.76493],[73.542426,18.764785],[73.541984,18.764601],[73.54154,18.764369],[73.541116,18.764101],[73.540629,18.763745],[73.540161,18.763359],[73.538813,18.762172],[73.538405,18.761846],[73.537963,18.761536],[73.537484,18.761249],[73.536958,18.76099],[73.536251,18.760707],[73.529401,18.758148],[73.528594,18.757807],[73.527832,18.757427],[73.527249,18.757103],[73.526633,18.756721],[73.526102,18.756354],[73.525258,18.755678],[73.524377,18.754971],[73.52364,18.754397],[73.522903,18.753875],[73.522337,18.75352],[73.521877,18.753258]]}},{"type":"Feature","id":608433097,"properties":{"id":608433097,"railway":"rail","service":null,"name":"Mumbai-Pune Railway","usage":"main","gauge":"1676","electrified":"contact_line","voltage":"25000","frequency":"50","operator":"Central Railway","highspeed":"no","tracks":1,"network_type":"mainline","corridor":"PUNE-LNL"},"geometry":{"type":"LineString","coordinates":[[73.42754,18.745086],[73.431132,18.744368],[73.4332,18.743957],[73.442611,18.742086],[73.443865,18.741846],[73.445017,18.741705],[73.446565,18.741543],[73.451219,18.741159]]}},{"type":"Feature","id":619726066,"properties":{"id":619726066,"railway":"rail","service":"spur","name":null,"usage":"service","gauge":"1676","electrified":"contact_line","voltage":"25000","frequency":"50","operator":"Central Railway","highspeed":"no","tracks":1,"network_type":"yard_loop","corridor":"PUNE-DIV"},"geometry":{"type":"LineString","coordinates":[[73.705873,18.703263],[73.706594,18.703214],[73.707077,18.703252],[73.707318,18.703372],[73.707726,18.703692]]}},{"type":"Feature","id":619726071,"properties":{"id":619726071,"railway":"rail","service":"spur","name":null,"usage":"service","gauge":"1676","electrified":"contact_line","voltage":"25000","frequency":"50","operator":"Central Railway","highspeed":"no","tracks":1,"network_type":"yard_loop","corridor":"PUNE-DIV"},"geometry":{"type":"LineString","coordinates":[[73.705344,18.703329],[73.705873,18.703263],[73.706439,18.703326],[73.706972,18.70355],[73.70731,18.70375],[73.707793,18.704319]]}},{"type":"Feature","id":619726075,"properties":{"id":619726075,"railway":"rail","service":"spur","name":null,"usage":"service","gauge":"1676","electrified":"contact_line","voltage":"25000","frequency":"50","operator":"Central Railway","highspeed":"no","tracks":1,"network_type":"yard_loop","corridor":"PUNE-DIV"},"geometry":{"type":"LineString","coordinates":[[73.702899,18.705116],[73.703158,18.704589],[73.703378,18.704279],[73.703708,18.703956],[73.703937,18.703796],[73.704129,18.703661],[73.704529,18.703456],[73.704977,18.703354],[73.705344,18.703329],[73.705856,18.703405],[73.7062,18.703527],[73.706766,18.703872],[73.70724,18.704388]]}},{"type":"Feature","id":619726080,"properties":{"id":619726080,"railway":"rail","service":"spur","name":null,"usage":"service","gauge":"1676","electrified":"contact_line","voltage":"25000","frequency":"50","operator":"Central Railway","highspeed":"no","tracks":1,"network_type":"yard_loop","corridor":"PUNE-DIV"},"geometry":{"type":"LineString","coordinates":[[73.703731,18.712509],[73.702952,18.712947],[73.702523,18.713272],[73.702179,18.713607],[73.701889,18.713955],[73.701627,18.714347],[73.70145,18.714672],[73.701324,18.714946],[73.701203,18.715287],[73.701074,18.715683],[73.701034,18.716178],[73.701045,18.716867],[73.701173,18.717357],[73.701332,18.717647],[73.701562,18.717931],[73.70183,18.718147],[73.702265,18.718332],[73.70248,18.718388],[73.702729,18.718416],[73.703123,18.718401],[73.7034,18.718345],[73.703823,18.7182],[73.704287,18.717954],[73.708765,18.715527],[73.709508,18.715029],[73.709909,18.714725],[73.710072,18.714526],[73.710243,18.714255],[73.710352,18.713914],[73.710388,18.713584],[73.710341,18.713195],[73.710226,18.712868],[73.710037,18.712525],[73.709677,18.71213],[73.709266,18.711842],[73.708882,18.71167],[73.708578,18.711593],[73.708272,18.711551],[73.708029,18.711552],[73.707611,18.711588],[73.707285,18.711626],[73.707136,18.711637],[73.706625,18.711677],[73.70633,18.711741],[73.705551,18.711919],[73.7053,18.711978],[73.704931,18.712102],[73.70412,18.712354],[73.703731,18.712509],[73.703328,18.712605],[73.702835,18.712793],[73.702536,18.712965],[73.702154,18.71323],[73.701942,18.713419],[73.701594,18.713788],[73.70138,18.7141],[73.701198,18.714434],[73.701011,18.714872]]}},{"type":"Feature","id":619726088,"properties":{"id":619726088,"railway":"rail","service":"spur","name":null,"usage":"service","gauge":"1676","electrified":"contact_line","voltage":"25000","frequency":"50","operator":"Central Railway","highspeed":"no","tracks":1,"network_type":"yard_loop","corridor":"PUNE-DIV"},"geometry":{"type":"LineString","coordinates":[[73.706625,18.711677],[73.706884,18.711611],[73.707172,18.711537],[73.707756,18.711341]]}},{"type":"Feature","id":619726105,"properties":{"id":619726105,"railway":"rail","service":"spur","name":null,"usage":"service","gauge":"1676","electrified":"contact_line","voltage":"25000","frequency":"50","operator":"Central Railway","highspeed":"no","tracks":1,"network_type":"yard_loop","corridor":"PUNE-DIV"},"geometry":{"type":"LineString","coordinates":[[73.71494,18.702176],[73.715385,18.702107],[73.715579,18.702081],[73.715919,18.702037],[73.71616,18.701991],[73.716491,18.701927],[73.71664,18.701898]]}},{"type":"Feature","id":619726111,"properties":{"id":619726111,"railway":"rail","service":"spur","name":null,"usage":"service","gauge":"1676","electrified":"contact_line","voltage":"25000","frequency":"50","operator":"Central Railway","highspeed":"no","tracks":1,"network_type":"yard_loop","corridor":"PUNE-DIV"},"geometry":{"type":"LineString","coordinates":[[73.711391,18.702481],[73.711763,18.702455],[73.712773,18.702403],[73.713805,18.702363]]}},{"type":"Feature","id":619726113,"properties":{"id":619726113,"railway":"rail","service":"spur","name":null,"usage":"service","gauge":"1676","electrified":"contact_line","voltage":"25000","frequency":"50","operator":"Central Railway","highspeed":"no","tracks":1,"network_type":"yard_loop","corridor":"PUNE-DIV"},"geometry":{"type":"LineString","coordinates":[[73.710611,18.702439],[73.71102,18.702465],[73.711391,18.702481],[73.711716,18.702505],[73.713221,18.702436],[73.713534,18.702403],[73.713805,18.702363],[73.714669,18.702217]]}},{"type":"Feature","id":619726119,"properties":{"id":619726119,"railway":"rail","service":"spur","name":null,"usage":"service","gauge":"1676","electrified":"contact_line","voltage":"25000","frequency":"50","operator":"Central Railway","highspeed":"no","tracks":1,"network_type":"yard_loop","corridor":"PUNE-DIV"},"geometry":{"type":"LineString","coordinates":[[73.702909,18.704949],[73.70297,18.704722],[73.703051,18.704543],[73.703239,18.704261],[73.703456,18.704001],[73.703634,18.703807],[73.703762,18.703684],[73.703951,18.703568],[73.704301,18.703354],[73.704717,18.703171],[73.705138,18.703072],[73.705838,18.703024],[73.70699,18.702994],[73.70746,18.702945],[73.707723,18.702881],[73.707887,18.702828],[73.708096,18.702731],[73.708284,18.702622],[73.708592,18.702467],[73.708906,18.702364],[73.709086,18.702328],[73.70914,18.702315],[73.709401,18.7023],[73.70965,18.702301],[73.710208,18.702372],[73.710409,18.702405],[73.710611,18.702439],[73.710958,18.702496],[73.711334,18.702579],[73.711654,18.702639],[73.711955,18.702667],[73.712571,18.702654],[73.712803,18.702643],[73.713084,18.702607],[73.713431,18.702535],[73.714391,18.702283],[73.714669,18.702217],[73.71494,18.702176],[73.715491,18.702163],[73.715718,18.702194],[73.716021,18.702283],[73.716206,18.702353],[73.716457,18.702425],[73.716725,18.702467],[73.71698,18.702465]]}},{"type":"Feature","id":619726126,"properties":{"id":619726126,"railway":"rail","service":"spur","name":null,"usage":"service","gauge":"1676","electrified":"contact_line","voltage":"25000","frequency":"50","operator":"Central Railway","highspeed":"no","tracks":1,"network_type":"yard_loop","corridor":"PUNE-DIV"},"geometry":{"type":"LineString","coordinates":[[73.711161,18.702008],[73.711407,18.70196],[73.71181,18.701948],[73.714736,18.701808]]}},{"type":"Feature","id":619726129,"properties":{"id":619726129,"railway":"rail","service":"spur","name":null,"usage":"service","gauge":"1676","electrified":"contact_line","voltage":"25000","frequency":"50","operator":"Central Railway","highspeed":"no","tracks":1,"network_type":"yard_loop","corridor":"PUNE-DIV"},"geometry":{"type":"LineString","coordinates":[[73.710337,18.70214],[73.710731,18.702058],[73.710931,18.702026],[73.711104,18.70201],[73.711161,18.702008],[73.711811,18.701984],[73.714738,18.701844]]}},{"type":"Feature","id":619726132,"properties":{"id":619726132,"railway":"rail","service":"spur","name":null,"usage":"service","gauge":"1676","electrified":"contact_line","voltage":"25000","frequency":"50","operator":"Central Railway","highspeed":"no","tracks":1,"network_type":"yard_loop","corridor":"PUNE-DIV"},"geometry":{"type":"LineString","coordinates":[[73.710409,18.702405],[73.710659,18.702396],[73.711343,18.702321],[73.711513,18.70231],[73.713352,18.702225],[73.71424,18.702209],[73.714457,18.70222],[73.714669,18.702217]]}},{"type":"Feature","id":619726136,"properties":{"id":619726136,"railway":"rail","service":"spur","name":null,"usage":"service","gauge":"1676","electrified":"contact_line","voltage":"25000","frequency":"50","operator":"Central Railway","highspeed":"no","tracks":1,"network_type":"yard_loop","corridor":"PUNE-DIV"},"geometry":{"type":"LineString","coordinates":[[73.70965,18.702301],[73.710078,18.702311],[73.710612,18.702306],[73.711826,18.702257],[73.715579,18.702081]]}},{"type":"Feature","id":619726139,"properties":{"id":619726139,"railway":"rail","service":"spur","name":null,"usage":"service","gauge":"1676","electrified":"contact_line","voltage":"25000","frequency":"50","operator":"Central Railway","highspeed":"no","tracks":1,"network_type":"yard_loop","corridor":"PUNE-DIV"},"geometry":{"type":"LineString","coordinates":[[73.712094,18.702209],[73.715459,18.702049],[73.715919,18.702037]]}},{"type":"Feature","id":619726142,"properties":{"id":619726142,"railway":"rail","service":"spur","name":null,"usage":"service","gauge":"1676","electrified":"contact_line","voltage":"25000","frequency":"50","operator":"Central Railway","highspeed":"no","tracks":1,"network_type":"yard_loop","corridor":"PUNE-DIV"},"geometry":{"type":"LineString","coordinates":[[73.712779,18.702139],[73.715543,18.702005],[73.715907,18.701991],[73.71616,18.701991]]}},{"type":"Feature","id":619726146,"properties":{"id":619726146,"railway":"rail","service":"spur","name":null,"usage":"service","gauge":"1676","electrified":"contact_line","voltage":"25000","frequency":"50","operator":"Central Railway","highspeed":"no","tracks":1,"network_type":"yard_loop","corridor":"PUNE-DIV"},"geometry":{"type":"LineString","coordinates":[[73.713352,18.702067],[73.714746,18.702001],[73.716491,18.701927]]}},{"type":"Feature","id":619726148,"properties":{"id":619726148,"railway":"rail","service":"spur","name":null,"usage":"service","gauge":"1676","electrified":"contact_line","voltage":"25000","frequency":"50","operator":"Central Railway","highspeed":"no","tracks":1,"network_type":"yard_loop","corridor":"PUNE-DIV"},"geometry":{"type":"LineString","coordinates":[[73.70914,18.702315],[73.709633,18.702241],[73.709952,18.70219],[73.710191,18.702171],[73.711818,18.702105],[73.715979,18.701911]]}},{"type":"Feature","id":619726153,"properties":{"id":619726153,"railway":"rail","service":"spur","name":null,"usage":"service","gauge":"1676","electrified":"contact_line","voltage":"25000","frequency":"50","operator":"Central Railway","highspeed":"no","tracks":1,"network_type":"yard_loop","corridor":"PUNE-DIV"},"geometry":{"type":"LineString","coordinates":[[73.710191,18.702171],[73.710337,18.70214],[73.71064,18.702113],[73.711816,18.702064],[73.714742,18.701925]]}},{"type":"Feature","id":619726156,"properties":{"id":619726156,"railway":"rail","service":"spur","name":null,"usage":"service","gauge":"1676","electrified":"contact_line","voltage":"25000","frequency":"50","operator":"Central Railway","highspeed":"no","tracks":1,"network_type":"yard_loop","corridor":"PUNE-DIV"},"geometry":{"type":"LineString","coordinates":[[73.710337,18.70214],[73.710761,18.702074],[73.711052,18.702053],[73.711814,18.702024],[73.71474,18.701884]]}},{"type":"Feature","id":619726160,"properties":{"id":619726160,"railway":"rail","service":"spur","name":null,"usage":"service","gauge":"1676","electrified":"contact_line","voltage":"25000","frequency":"50","operator":"Central Railway","highspeed":"no","tracks":1,"network_type":"yard_loop","corridor":"PUNE-DIV"},"geometry":{"type":"LineString","coordinates":[[73.707089,18.710554],[73.70431,18.709056],[73.704039,18.708885],[73.70384,18.708729]]}},{"type":"Feature","id":619726163,"properties":{"id":619726163,"railway":"rail","service":"spur","name":null,"usage":"service","gauge":"1676","electrified":"contact_line","voltage":"25000","frequency":"50","operator":"Central Railway","highspeed":"no","tracks":1,"network_type":"yard_loop","corridor":"PUNE-DIV"},"geometry":{"type":"LineString","coordinates":[[73.70716,18.710452],[73.704153,18.708885],[73.70384,18.708729],[73.703522,18.708559],[73.703339,18.708438],[73.703234,18.708343],[73.703162,18.708279],[73.702991,18.708076],[73.702882,18.707913],[73.702803,18.707752],[73.702634,18.707335],[73.702604,18.707141],[73.702585,18.706827]]}},{"type":"Feature","id":619726168,"properties":{"id":619726168,"railway":"rail","service":"spur","name":null,"usage":"service","gauge":"1676","electrified":"contact_line","voltage":"25000","frequency":"50","operator":"Central Railway","highspeed":"no","tracks":1,"network_type":"yard_loop","corridor":"PUNE-DIV"},"geometry":{"type":"LineString","coordinates":[[73.707306,18.709723],[73.704211,18.708022],[73.704112,18.707936]]}},{"type":"Feature","id":619726172,"properties":{"id":619726172,"railway":"rail","service":"spur","name":null,"usage":"service","gauge":"1676","electrified":"contact_line","voltage":"25000","frequency":"50","operator":"Central Railway","highspeed":"no","tracks":1,"network_type":"yard_loop","corridor":"PUNE-DIV"},"geometry":{"type":"LineString","coordinates":[[73.702734,18.70595],[73.702757,18.706311],[73.702816,18.706561],[73.702889,18.706746],[73.702983,18.706953],[73.703129,18.707181],[73.703248,18.707345],[73.703358,18.707472],[73.70354,18.707607],[73.703659,18.707676],[73.703838,18.707781],[73.704112,18.707936],[73.704446,18.708124],[73.707353,18.709638]]}},{"type":"Feature","id":619726177,"properties":{"id":619726177,"railway":"rail","service":"spur","name":null,"usage":"service","gauge":"1676","electrified":"contact_line","voltage":"25000","frequency":"50","operator":"Central Railway","highspeed":"no","tracks":1,"network_type":"yard_loop","corridor":"PUNE-DIV"},"geometry":{"type":"LineString","coordinates":[[73.703535,18.703072],[73.703343,18.703197],[73.703155,18.703388],[73.702992,18.703628],[73.70291,18.703821],[73.702865,18.70397],[73.702851,18.704241],[73.702911,18.704723]]}},{"type":"Feature","id":619726182,"properties":{"id":619726182,"railway":"rail","service":"spur","name":null,"usage":"service","gauge":"1676","electrified":"contact_line","voltage":"25000","frequency":"50","operator":"Central Railway","highspeed":"no","tracks":1,"network_type":"yard_loop","corridor":"PUNE-DIV"},"geometry":{"type":"LineString","coordinates":[[73.702078,18.709318],[73.702064,18.7088],[73.702079,18.708482],[73.702119,18.708007],[73.702156,18.707796],[73.702226,18.707479],[73.702445,18.706837],[73.702673,18.706234]]}},{"type":"Feature","id":619726192,"properties":{"id":619726192,"railway":"rail","service":"spur","name":null,"usage":"service","gauge":"1676","electrified":"contact_line","voltage":"25000","frequency":"50","operator":"Central Railway","highspeed":"no","tracks":1,"network_type":"yard_loop","corridor":"PUNE-DIV"},"geometry":{"type":"LineString","coordinates":[[73.708824,18.710862],[73.708429,18.711063],[73.708064,18.711237],[73.707756,18.711341],[73.706854,18.711534],[73.706306,18.711651],[73.705321,18.711858],[73.705127,18.711869],[73.704894,18.711856],[73.70464,18.711816],[73.704463,18.711773],[73.704281,18.711708],[73.703882,18.711536],[73.702923,18.711049],[73.70273,18.710903],[73.70258,18.710747],[73.702371,18.710475],[73.702256,18.710277],[73.702176,18.710085],[73.702112,18.709877]]}},{"type":"Feature","id":619726196,"properties":{"id":619726196,"railway":"rail","service":"spur","name":null,"usage":"service","gauge":"1676","electrified":"contact_line","voltage":"25000","frequency":"50","operator":"Central Railway","highspeed":"no","tracks":1,"network_type":"yard_loop","corridor":"PUNE-DIV"},"geometry":{"type":"LineString","coordinates":[[73.703005,18.711216],[73.702734,18.711036],[73.702496,18.710821],[73.702426,18.710738],[73.702321,18.710575],[73.702236,18.710418],[73.702183,18.710264],[73.702139,18.710088],[73.702112,18.709877],[73.702099,18.709769],[73.702095,18.709522],[73.702114,18.709143]]}},{"type":"Feature","id":619726201,"properties":{"id":619726201,"railway":"rail","service":"spur","name":null,"usage":"service","gauge":"1676","electrified":"contact_line","voltage":"25000","frequency":"50","operator":"Central Railway","highspeed":"no","tracks":1,"network_type":"yard_loop","corridor":"PUNE-DIV"},"geometry":{"type":"LineString","coordinates":[[73.705551,18.711919],[73.705319,18.711942],[73.704993,18.71195],[73.704754,18.711928],[73.704542,18.711889],[73.704325,18.711823],[73.703846,18.711598],[73.703005,18.711216],[73.702068,18.710776]]}},{"type":"Feature","id":619726210,"properties":{"id":619726210,"railway":"rail","service":"spur","name":null,"usage":"service","gauge":"1676","electrified":"contact_line","voltage":"25000","frequency":"50","operator":"Central Railway","highspeed":"no","tracks":1,"network_type":"yard_loop","corridor":"PUNE-DIV"},"geometry":{"type":"LineString","coordinates":[[73.690632,18.726102],[73.693532,18.726126],[73.696898,18.726168],[73.697181,18.726166],[73.697387,18.726149],[73.69763,18.726103],[73.697717,18.72608],[73.697886,18.726035],[73.69821,18.725854],[73.698499,18.725659],[73.698621,18.725532],[73.698745,18.725361],[73.69878,18.725313],[73.698969,18.724973],[73.69908,18.724683],[73.699469,18.722812],[73.699596,18.722097],[73.699923,18.720473],[73.700058,18.719708],[73.700135,18.719312],[73.700243,18.718848],[73.70037,18.718129],[73.700567,18.717109],[73.700818,18.715868],[73.700893,18.715398],[73.701011,18.714872],[73.70125,18.713632],[73.701476,18.712375],[73.701582,18.711898],[73.701711,18.71126],[73.701938,18.710009],[73.702078,18.709318],[73.702114,18.709143],[73.702585,18.706827],[73.702673,18.706234],[73.702734,18.70595],[73.702865,18.705339],[73.702899,18.705116],[73.702909,18.704949],[73.702911,18.704723],[73.702916,18.704175],[73.702941,18.703982],[73.702986,18.703811],[73.703083,18.703622],[73.703201,18.703452],[73.703328,18.703318],[73.703477,18.703209],[73.703594,18.703144]]}},{"type":"Feature","id":661622703,"properties":{"id":661622703,"railway":"rail","service":null,"name":"Pune - Miraj Railway Line","usage":"main","gauge":"1676","electrified":"contact_line","voltage":"25000","frequency":"50","operator":"Central Railway","highspeed":"no","tracks":1,"network_type":"mainline","corridor":"PUNE-LNL"},"geometry":{"type":"LineString","coordinates":[[73.885887,18.531681],[73.886228,18.531616]]}},{"type":"Feature","id":661778979,"properties":{"id":661778979,"railway":"rail","service":null,"name":null,"usage":"main","gauge":"1676","electrified":"contact_line","voltage":"25000","frequency":"50","operator":"Central Railway","highspeed":"no","tracks":1,"network_type":"mainline","corridor":"PUNE-DIV"},"geometry":{"type":"LineString","coordinates":[[73.869855,18.529314],[73.870258,18.52936],[73.870734,18.52941],[73.870994,18.529435],[73.872656,18.529515],[73.873852,18.529572],[73.87414,18.529568],[73.874457,18.529562],[73.874598,18.529553],[73.874757,18.529542],[73.87501,18.529536],[73.875453,18.529541],[73.875815,18.529584],[73.876359,18.529682],[73.876993,18.529816],[73.877401,18.529924],[73.877842,18.530071],[73.878344,18.530235],[73.879052,18.530471],[73.879475,18.530623],[73.880046,18.530856],[73.881428,18.531311],[73.881706,18.531391],[73.882503,18.531557],[73.883511,18.531714],[73.884186,18.53182],[73.884696,18.531891],[73.885125,18.531929],[73.885502,18.531948],[73.886073,18.531928]]}},{"type":"Feature","id":661778983,"properties":{"id":661778983,"railway":"rail","service":null,"name":null,"usage":"main","gauge":"1676","electrified":"contact_line","voltage":"25000","frequency":"50","operator":"Central Railway","highspeed":"no","tracks":1,"network_type":"mainline","corridor":"PUNE-DIV"},"geometry":{"type":"LineString","coordinates":[[73.872662,18.52937],[73.874227,18.529466],[73.874398,18.529473],[73.874459,18.529471],[73.874755,18.529448]]}},{"type":"Feature","id":661778986,"properties":{"id":661778986,"railway":"rail","service":null,"name":null,"usage":"main","gauge":"1676","electrified":"contact_line","voltage":"25000","frequency":"50","operator":"Central Railway","highspeed":"no","tracks":1,"network_type":"mainline","corridor":"PUNE-DIV"},"geometry":{"type":"LineString","coordinates":[[73.869218,18.529166],[73.868847,18.529096]]}},{"type":"Feature","id":661778995,"properties":{"id":661778995,"railway":"rail","service":null,"name":"Mumbai–Pune Railway","usage":"main","gauge":"1676","electrified":"contact_line","voltage":"25000","frequency":"50","operator":"Central Railway","highspeed":"no","tracks":1,"network_type":"mainline","corridor":"PUNE-LNL"},"geometry":{"type":"LineString","coordinates":[[73.863438,18.528764],[73.864434,18.528818],[73.865471,18.528886],[73.868377,18.529066]]}},{"type":"Feature","id":701290944,"properties":{"id":701290944,"railway":"rail","service":null,"name":"Tunnel 10","usage":"main","gauge":"1676","electrified":"contact_line","voltage":"25000","frequency":"50","operator":"Central Railway","highspeed":"no","tracks":1,"network_type":"mainline","corridor":"PUNE-DIV"},"geometry":{"type":"LineString","coordinates":[[73.33039,18.84896],[73.330289,18.849005]]}},{"type":"Feature","id":701290945,"properties":{"id":701290945,"railway":"rail","service":null,"name":"Tunnel 10","usage":"main","gauge":"1676","electrified":"contact_line","voltage":"25000","frequency":"50","operator":"Central Railway","highspeed":"no","tracks":1,"network_type":"mainline","corridor":"PUNE-DIV"},"geometry":{"type":"LineString","coordinates":[[73.330289,18.849005],[73.329895,18.849184],[73.329263,18.849523]]}},{"type":"Feature","id":701314176,"properties":{"id":701314176,"railway":"rail","service":null,"name":"Tunnel 30","usage":"main","gauge":"1676","electrified":"contact_line","voltage":"25000","frequency":"50","operator":"Central Railway","highspeed":"no","tracks":1,"network_type":"mainline","corridor":"PUNE-DIV"},"geometry":{"type":"LineString","coordinates":[[73.3684,18.82155],[73.368186,18.821997]]}},{"type":"Feature","id":701314177,"properties":{"id":701314177,"railway":"rail","service":null,"name":null,"usage":"main","gauge":"1676","electrified":"contact_line","voltage":"25000","frequency":"50","operator":"Central Railway","highspeed":"no","tracks":1,"network_type":"mainline","corridor":"PUNE-DIV"},"geometry":{"type":"LineString","coordinates":[[73.368431,18.821468],[73.3684,18.82155]]}},{"type":"Feature","id":701314178,"properties":{"id":701314178,"railway":"rail","service":null,"name":null,"usage":"main","gauge":"1676","electrified":"contact_line","voltage":"25000","frequency":"50","operator":"Central Railway","highspeed":"no","tracks":1,"network_type":"mainline","corridor":"PUNE-DIV"},"geometry":{"type":"LineString","coordinates":[[73.371215,18.8148],[73.371087,18.815112],[73.370971,18.815496]]}},{"type":"Feature","id":701314179,"properties":{"id":701314179,"railway":"rail","service":null,"name":"Tunnel 39","usage":"main","gauge":"1676","electrified":"contact_line","voltage":"25000","frequency":"50","operator":"Central Railway","highspeed":"no","tracks":1,"network_type":"mainline","corridor":"PUNE-DIV"},"geometry":{"type":"LineString","coordinates":[[73.358064,18.814019],[73.358564,18.814581],[73.35888,18.814931],[73.359283,18.815196]]}},{"type":"Feature","id":701314180,"properties":{"id":701314180,"railway":"rail","service":null,"name":"Tunnel 39","usage":"main","gauge":"1676","electrified":"contact_line","voltage":"25000","frequency":"50","operator":"Central Railway","highspeed":"no","tracks":1,"network_type":"mainline","corridor":"PUNE-DIV"},"geometry":{"type":"LineString","coordinates":[[73.357859,18.813757],[73.358064,18.814019]]}},{"type":"Feature","id":701314181,"properties":{"id":701314181,"railway":"rail","service":null,"name":null,"usage":"main","gauge":"1676","electrified":"contact_line","voltage":"25000","frequency":"50","operator":"Central Railway","highspeed":"no","tracks":1,"network_type":"mainline","corridor":"PUNE-DIV"},"geometry":{"type":"LineString","coordinates":[[73.370322,18.792778],[73.369959,18.792528],[73.369507,18.792125],[73.369214,18.791803],[73.368974,18.791479],[73.368822,18.791248],[73.368696,18.790993],[73.368601,18.790768]]}},{"type":"Feature","id":701314182,"properties":{"id":701314182,"railway":"rail","service":null,"name":"Tunnel 44","usage":"main","gauge":"1676","electrified":"contact_line","voltage":"25000","frequency":"50","operator":"Central Railway","highspeed":"no","tracks":1,"network_type":"mainline","corridor":"PUNE-DIV"},"geometry":{"type":"LineString","coordinates":[[73.368601,18.790768],[73.368554,18.79056],[73.368441,18.790106],[73.3683,18.789536]]}},{"type":"Feature","id":701314183,"properties":{"id":701314183,"railway":"rail","service":null,"name":"Tunnel 44","usage":"main","gauge":"1676","electrified":"contact_line","voltage":"25000","frequency":"50","operator":"Central Railway","highspeed":"no","tracks":1,"network_type":"mainline","corridor":"PUNE-DIV"},"geometry":{"type":"LineString","coordinates":[[73.3683,18.789536],[73.368267,18.789299]]}},{"type":"Feature","id":701314184,"properties":{"id":701314184,"railway":"rail","service":null,"name":"Tunnel 45","usage":"main","gauge":"1676","electrified":"contact_line","voltage":"25000","frequency":"50","operator":"Central Railway","highspeed":"no","tracks":1,"network_type":"mainline","corridor":"PUNE-DIV"},"geometry":{"type":"LineString","coordinates":[[73.368267,18.789299],[73.368104,18.788698]]}},{"type":"Feature","id":701314185,"properties":{"id":701314185,"railway":"rail","service":null,"name":null,"usage":"main","gauge":"1676","electrified":"contact_line","voltage":"25000","frequency":"50","operator":"Central Railway","highspeed":"no","tracks":1,"network_type":"mainline","corridor":"PUNE-DIV"},"geometry":{"type":"LineString","coordinates":[[73.368104,18.788698],[73.367795,18.787907],[73.367769,18.787825],[73.367706,18.787631],[73.367564,18.787157],[73.367448,18.786727],[73.367227,18.785949],[73.367124,18.785622],[73.366865,18.78466],[73.366473,18.783447],[73.366381,18.783093],[73.36623,18.782467],[73.366069,18.781819],[73.365719,18.780198],[73.365455,18.779387],[73.36524,18.778563],[73.364903,18.777661],[73.364566,18.776821],[73.364189,18.776104],[73.363816,18.775531],[73.363491,18.775008],[73.363223,18.774567],[73.362963,18.773989],[73.362703,18.77324]]}},{"type":"Feature","id":816857549,"properties":{"id":816857549,"railway":"rail","service":null,"name":"Mumbai–Pune Railway","usage":"main","gauge":"1676","electrified":"contact_line","voltage":"25000","frequency":"50","operator":"Central Railway","highspeed":"no","tracks":1,"network_type":"mainline","corridor":"PUNE-LNL"},"geometry":{"type":"LineString","coordinates":[[73.844624,18.556644],[73.844588,18.556743]]}},{"type":"Feature","id":816857550,"properties":{"id":816857550,"railway":"rail","service":null,"name":"Mumbai–Pune Railway","usage":"main","gauge":"1676","electrified":"contact_line","voltage":"25000","frequency":"50","operator":"Central Railway","highspeed":"no","tracks":1,"network_type":"mainline","corridor":"PUNE-LNL"},"geometry":{"type":"LineString","coordinates":[[73.844633,18.55676],[73.844669,18.556659]]}},{"type":"Feature","id":816857551,"properties":{"id":816857551,"railway":"rail","service":null,"name":"Mumbai–Pune Railway","usage":"main","gauge":"1676","electrified":"contact_line","voltage":"25000","frequency":"50","operator":"Central Railway","highspeed":"no","tracks":1,"network_type":"mainline","corridor":"PUNE-LNL"},"geometry":{"type":"LineString","coordinates":[[73.844669,18.556659],[73.844889,18.556006],[73.845062,18.555438]]}},{"type":"Feature","id":816857552,"properties":{"id":816857552,"railway":"rail","service":null,"name":"Mumbai–Pune Railway","usage":"main","gauge":"1676","electrified":"contact_line","voltage":"25000","frequency":"50","operator":"Central Railway","highspeed":"no","tracks":1,"network_type":"mainline","corridor":"PUNE-LNL"},"geometry":{"type":"LineString","coordinates":[[73.845012,18.555425],[73.844841,18.555991],[73.844624,18.556644]]}},{"type":"Feature","id":816877907,"properties":{"id":816877907,"railway":"rail","service":"spur","name":null,"usage":"military","gauge":"1676","electrified":"no","voltage":"25000","frequency":"50","operator":"Central Railway","highspeed":"no","tracks":1,"network_type":"yard_loop","corridor":"PUNE-DIV"},"geometry":{"type":"LineString","coordinates":[[73.83923,18.566897],[73.839242,18.567022],[73.839304,18.567277],[73.839439,18.567619],[73.839606,18.56791],[73.839836,18.568193],[73.840118,18.568454],[73.840472,18.568686],[73.84085,18.568862],[73.841127,18.568944],[73.841467,18.569005],[73.842566,18.569153],[73.84289,18.569234],[73.843678,18.569389]]}},{"type":"Feature","id":817667260,"properties":{"id":817667260,"railway":"rail","service":null,"name":"Mumbai–Pune Railway","usage":"main","gauge":"1676","electrified":"contact_line","voltage":"25000","frequency":"50","operator":"Central Railway","highspeed":"no","tracks":1,"network_type":"mainline","corridor":"PUNE-LNL"},"geometry":{"type":"LineString","coordinates":[[73.868377,18.529066],[73.868847,18.529096]]}},{"type":"Feature","id":817667273,"properties":{"id":817667273,"railway":"rail","service":null,"name":"Mumbai–Pune Railway","usage":"main","gauge":"1676","electrified":"contact_line","voltage":"25000","frequency":"50","operator":"Central Railway","highspeed":"no","tracks":1,"network_type":"mainline","corridor":"PUNE-LNL"},"geometry":{"type":"LineString","coordinates":[[73.868369,18.529014],[73.866115,18.528871],[73.865472,18.528831],[73.864442,18.528768],[73.863448,18.528716]]}},{"type":"Feature","id":817667274,"properties":{"id":817667274,"railway":"rail","service":null,"name":null,"usage":"main","gauge":"1676","electrified":"contact_line","voltage":"25000","frequency":"50","operator":"Central Railway","highspeed":"no","tracks":1,"network_type":"mainline","corridor":"PUNE-DIV"},"geometry":{"type":"LineString","coordinates":[[73.86955,18.529276],[73.869855,18.529314]]}},{"type":"Feature","id":817667275,"properties":{"id":817667275,"railway":"rail","service":"siding","name":null,"usage":"service","gauge":"1676","electrified":"contact_line","voltage":"25000","frequency":"50","operator":"Central Railway","highspeed":"no","tracks":1,"network_type":"yard_loop","corridor":"PUNE-DIV"},"geometry":{"type":"LineString","coordinates":[[73.869711,18.529244],[73.870076,18.529318]]}},{"type":"Feature","id":817667276,"properties":{"id":817667276,"railway":"rail","service":null,"name":null,"usage":"main","gauge":"1676","electrified":"contact_line","voltage":"25000","frequency":"50","operator":"Central Railway","highspeed":"no","tracks":1,"network_type":"mainline","corridor":"PUNE-DIV"},"geometry":{"type":"LineString","coordinates":[[73.880329,18.530895],[73.879952,18.530751],[73.87949,18.530544],[73.879075,18.530402],[73.878794,18.530306],[73.878367,18.530161],[73.877443,18.529854],[73.877173,18.529764],[73.87668,18.529684],[73.876365,18.529616],[73.875624,18.529517],[73.874755,18.529448],[73.874234,18.529405],[73.87332,18.52936],[73.871398,18.529267],[73.870812,18.529238],[73.87075,18.529236],[73.870045,18.529213],[73.869688,18.529188],[73.869218,18.529166]]}},{"type":"Feature","id":918820056,"properties":{"id":918820056,"railway":"rail","service":"yard","name":null,"usage":"service","gauge":"1676","electrified":"contact_line","voltage":"25000","frequency":"50","operator":"Central Railway","highspeed":"no","tracks":1,"network_type":"yard_loop","corridor":"PUNE-DIV"},"geometry":{"type":"LineString","coordinates":[[73.895136,18.530377],[73.894882,18.530365],[73.894716,18.530382],[73.891804,18.530735]]}},{"type":"Feature","id":918820057,"properties":{"id":918820057,"railway":"rail","service":"yard","name":null,"usage":"service","gauge":"1676","electrified":"contact_line","voltage":"25000","frequency":"50","operator":"Central Railway","highspeed":"no","tracks":1,"network_type":"yard_loop","corridor":"PUNE-DIV"},"geometry":{"type":"LineString","coordinates":[[73.89565,18.530381],[73.895136,18.530377],[73.894725,18.530424],[73.893027,18.530638]]}},{"type":"Feature","id":966113793,"properties":{"id":966113793,"railway":"rail","service":null,"name":"Tunnel 43","usage":"main","gauge":"1676","electrified":"contact_line","voltage":"25000","frequency":"50","operator":"Central Railway","highspeed":"no","tracks":1,"network_type":"mainline","corridor":"PUNE-DIV"},"geometry":{"type":"LineString","coordinates":[[73.372157,18.794322],[73.371886,18.793976],[73.371426,18.793557],[73.370322,18.792778]]}},{"type":"Feature","id":1119821716,"properties":{"id":1119821716,"railway":"rail","service":"yard","name":null,"usage":"service","gauge":"1676","electrified":"contact_line","voltage":"25000","frequency":"50","operator":"Central Railway","highspeed":"no","tracks":1,"network_type":"yard_loop","corridor":"PUNE-DIV"},"geometry":{"type":"LineString","coordinates":[[73.841629,18.561618],[73.841849,18.561337],[73.842063,18.561062],[73.842435,18.560571],[73.842485,18.560511],[73.84278,18.560179]]}},{"type":"Feature","id":1119821717,"properties":{"id":1119821717,"railway":"rail","service":"yard","name":null,"usage":"service","gauge":"1676","electrified":"contact_line","voltage":"25000","frequency":"50","operator":"Central Railway","highspeed":"no","tracks":1,"network_type":"yard_loop","corridor":"PUNE-DIV"},"geometry":{"type":"LineString","coordinates":[[73.841591,18.561669],[73.841629,18.561618]]}},{"type":"Feature","id":1239686897,"properties":{"id":1239686897,"railway":"rail","service":null,"name":null,"usage":"main","gauge":"1676","electrified":"contact_line","voltage":"25000","frequency":"50","operator":"Central Railway","highspeed":"no","tracks":1,"network_type":"mainline","corridor":"PUNE-DIV"},"geometry":{"type":"LineString","coordinates":[[73.345721,18.788524],[73.345402,18.78886],[73.345345,18.788921],[73.344971,18.789324],[73.344567,18.789759],[73.344266,18.79008],[73.343992,18.790368],[73.343849,18.790542],[73.343712,18.79074],[73.343526,18.790992],[73.343299,18.791306]]}},{"type":"Feature","id":1239686898,"properties":{"id":1239686898,"railway":"rail","service":"siding","name":null,"usage":"service","gauge":"1676","electrified":"contact_line","voltage":"25000","frequency":"50","operator":"Central Railway","highspeed":"no","tracks":1,"network_type":"yard_loop","corridor":"PUNE-DIV"},"geometry":{"type":"LineString","coordinates":[[73.345871,18.788639],[73.345367,18.789163],[73.345011,18.78955],[73.344686,18.789895],[73.343977,18.790664],[73.343588,18.791117],[73.34335,18.791381],[73.343087,18.79165]]}},{"type":"Feature","id":1239686899,"properties":{"id":1239686899,"railway":"rail","service":null,"name":null,"usage":"branch","gauge":"1676","electrified":"contact_line","voltage":"25000","frequency":"50","operator":"Central Railway","highspeed":"no","tracks":1,"network_type":"mainline","corridor":"PUNE-DIV"},"geometry":{"type":"LineString","coordinates":[[73.33918,18.797204],[73.339405,18.796778],[73.33957,18.796419],[73.339711,18.79611],[73.339842,18.795844],[73.340006,18.795553],[73.340223,18.795167],[73.340455,18.7948],[73.34068,18.794467],[73.340863,18.794197],[73.341089,18.793893],[73.341205,18.79375],[73.341287,18.793648],[73.341511,18.793376]]}},{"type":"Feature","id":1239686900,"properties":{"id":1239686900,"railway":"rail","service":null,"name":null,"usage":"branch","gauge":"1676","electrified":"contact_line","voltage":"25000","frequency":"50","operator":"Central Railway","highspeed":"no","tracks":1,"network_type":"mainline","corridor":"PUNE-DIV"},"geometry":{"type":"LineString","coordinates":[[73.341511,18.793376],[73.341819,18.792934]]}},{"type":"Feature","id":1239686901,"properties":{"id":1239686901,"railway":"rail","service":null,"name":null,"usage":"branch","gauge":"1676","electrified":"contact_line","voltage":"25000","frequency":"50","operator":"Central Railway","highspeed":"no","tracks":1,"network_type":"mainline","corridor":"PUNE-DIV"},"geometry":{"type":"LineString","coordinates":[[73.341205,18.79375],[73.340825,18.794161]]}},{"type":"Feature","id":1239686902,"properties":{"id":1239686902,"railway":"rail","service":"siding","name":null,"usage":"service","gauge":"1676","electrified":"contact_line","voltage":"25000","frequency":"50","operator":"Central Railway","highspeed":"no","tracks":1,"network_type":"yard_loop","corridor":"PUNE-DIV"},"geometry":{"type":"LineString","coordinates":[[73.342895,18.791855],[73.342664,18.792106],[73.342408,18.792384],[73.342004,18.79282],[73.341754,18.793097],[73.341511,18.793376]]}},{"type":"Feature","id":1239686903,"properties":{"id":1239686903,"railway":"rail","service":"siding","name":null,"usage":"service","gauge":"1676","electrified":"contact_line","voltage":"25000","frequency":"50","operator":"Central Railway","highspeed":"no","tracks":1,"network_type":"yard_loop","corridor":"PUNE-DIV"},"geometry":{"type":"LineString","coordinates":[[73.343087,18.79165],[73.342895,18.791855]]}},{"type":"Feature","id":1239686904,"properties":{"id":1239686904,"railway":"rail","service":"siding","name":null,"usage":"service","gauge":"1676","electrified":"contact_line","voltage":"25000","frequency":"50","operator":"Central Railway","highspeed":"no","tracks":1,"network_type":"yard_loop","corridor":"PUNE-DIV"},"geometry":{"type":"LineString","coordinates":[[73.345917,18.78867],[73.345551,18.789049],[73.345163,18.789461],[73.344866,18.789787],[73.344594,18.790078],[73.344298,18.790392],[73.344104,18.790597],[73.343851,18.790863],[73.343588,18.791117]]}},{"type":"Feature","id":1266102008,"properties":{"id":1266102008,"railway":"rail","service":null,"name":"Pune - Miraj Railway Line","usage":"main","gauge":"1676","electrified":"contact_line","voltage":"25000","frequency":"50","operator":"Central Railway","highspeed":"no","tracks":1,"network_type":"mainline","corridor":"PUNE-LNL"},"geometry":{"type":"LineString","coordinates":[[73.92748,18.493514],[73.928506,18.492477],[73.930281,18.490673],[73.931031,18.489909],[73.931459,18.489469],[73.931774,18.489168],[73.931978,18.488991],[73.932037,18.488939],[73.932352,18.488695],[73.932839,18.48833],[73.935286,18.486604],[73.935402,18.486521],[73.93786,18.484756],[73.939379,18.483663],[73.939768,18.483384],[73.940553,18.48282],[73.942024,18.481756],[73.943857,18.480451],[73.944886,18.479726],[73.946012,18.478922],[73.947284,18.47802],[73.948068,18.477457],[73.948681,18.476998],[73.950159,18.475896],[73.951,18.475306],[73.95229,18.47437],[73.952971,18.473872],[73.953444,18.473555],[73.9537,18.473399],[73.953988,18.473243],[73.954304,18.473081],[73.954566,18.472955],[73.954873,18.472824],[73.955418,18.47263],[73.956926,18.472101],[73.957674,18.471839],[73.959316,18.47126],[73.960658,18.4708],[73.962688,18.470065],[73.96368,18.469712],[73.964781,18.469331],[73.965169,18.469202],[73.965528,18.469098],[73.965861,18.469017],[73.966082,18.468973],[73.966801,18.468894],[73.967791,18.468781],[73.968091,18.46873],[73.96836,18.468677],[73.968607,18.468614],[73.96889,18.468534],[73.969203,18.46843],[73.969426,18.468347],[73.969763,18.468203],[73.969994,18.468104]]}},{"type":"Feature","id":1266102014,"properties":{"id":1266102014,"railway":"rail","service":null,"name":"Pune - Miraj Railway Line","usage":"main","gauge":"1676","electrified":"contact_line","voltage":"25000","frequency":"50","operator":"Central Railway","highspeed":"no","tracks":1,"network_type":"mainline","corridor":"PUNE-LNL"},"geometry":{"type":"LineString","coordinates":[[74.006808,18.45619],[74.006446,18.456179],[74.006164,18.45617],[74.005439,18.456177],[74.005066,18.456194],[74.004867,18.456213],[74.004713,18.456243],[74.00457,18.456279],[74.003992,18.456449],[74.000707,18.457463],[73.999133,18.457952],[73.998895,18.458039],[73.9982,18.458299],[73.997706,18.458514]]}},{"type":"Feature","id":1266102015,"properties":{"id":1266102015,"railway":"rail","service":"yard","name":null,"usage":"service","gauge":"1676","electrified":"contact_line","voltage":"25000","frequency":"50","operator":"Central Railway","highspeed":"no","tracks":1,"network_type":"yard_loop","corridor":"PUNE-DIV"},"geometry":{"type":"LineString","coordinates":[[73.996303,18.458956],[73.996076,18.459026],[73.995917,18.459068],[73.99567,18.459121]]}},{"type":"Feature","id":1266102016,"properties":{"id":1266102016,"railway":"rail","service":null,"name":"Pune - Miraj Railway Line","usage":"main","gauge":"1676","electrified":"contact_line","voltage":"25000","frequency":"50","operator":"Central Railway","highspeed":"no","tracks":1,"network_type":"mainline","corridor":"PUNE-LNL"},"geometry":{"type":"LineString","coordinates":[[74.007465,18.45619],[74.006971,18.45618],[74.006808,18.45619],[74.006387,18.456215],[74.005815,18.456258],[74.005516,18.456274],[74.005275,18.456305],[74.004989,18.45635],[74.004671,18.456412],[74.00441,18.456471],[74.004152,18.456537],[74.003855,18.456626],[74.002743,18.456963],[73.999845,18.457867],[73.998987,18.45813],[73.997706,18.458514],[73.997102,18.458708],[73.996303,18.458956],[73.995615,18.459227]]}},{"type":"Feature","id":1266102017,"properties":{"id":1266102017,"railway":"rail","service":"yard","name":null,"usage":"service","gauge":"1676","electrified":"contact_line","voltage":"25000","frequency":"50","operator":"Central Railway","highspeed":"no","tracks":1,"network_type":"yard_loop","corridor":"PUNE-DIV"},"geometry":{"type":"LineString","coordinates":[[73.946938,18.478061],[73.94813,18.477207],[73.948738,18.476777],[73.949071,18.476555],[73.949384,18.476333],[73.949978,18.475904]]}},{"type":"Feature","id":1266102018,"properties":{"id":1266102018,"railway":"rail","service":"spur","name":null,"usage":"service","gauge":"1676","electrified":"contact_line","voltage":"25000","frequency":"50","operator":"Central Railway","highspeed":"no","tracks":1,"network_type":"yard_loop","corridor":"PUNE-DIV"},"geometry":{"type":"LineString","coordinates":[[73.959302,18.471009],[73.95776,18.471536],[73.956896,18.471852],[73.955713,18.472263],[73.955252,18.472428],[73.954829,18.472572],[73.95441,18.472718],[73.954191,18.472808],[73.953982,18.472905],[73.953796,18.473006],[73.953188,18.473428],[73.952021,18.47426],[73.951346,18.474752],[73.951083,18.474959],[73.951008,18.475015],[73.950928,18.475079],[73.950721,18.475273],[73.950426,18.475546],[73.950095,18.47582]]}},{"type":"Feature","id":1266102019,"properties":{"id":1266102019,"railway":"rail","service":null,"name":"Pune - Miraj Railway Line","usage":"main","gauge":"1676","electrified":"contact_line","voltage":"25000","frequency":"50","operator":"Central Railway","highspeed":"no","tracks":1,"network_type":"mainline","corridor":"PUNE-LNL"},"geometry":{"type":"LineString","coordinates":[[73.956938,18.472042],[73.956041,18.472288],[73.955238,18.472592],[73.954907,18.472717],[73.954643,18.472824],[73.954447,18.472911],[73.954202,18.473027],[73.95397,18.473145],[73.953778,18.473251],[73.953609,18.473348],[73.953454,18.473444],[73.953291,18.473551],[73.952981,18.473771],[73.952825,18.47387],[73.951202,18.475034],[73.950095,18.47582],[73.949978,18.475904],[73.949494,18.476327]]}},{"type":"Feature","id":1266102020,"properties":{"id":1266102020,"railway":"rail","service":"yard","name":null,"usage":"service","gauge":"1676","electrified":"contact_line","voltage":"25000","frequency":"50","operator":"Central Railway","highspeed":"no","tracks":1,"network_type":"yard_loop","corridor":"PUNE-DIV"},"geometry":{"type":"LineString","coordinates":[[73.957364,18.471834],[73.956041,18.472288]]}},{"type":"Feature","id":1266102021,"properties":{"id":1266102021,"railway":"rail","service":"crossover","name":"Pune - Miraj Railway Line","usage":"service","gauge":"1676","electrified":"contact_line","voltage":"25000","frequency":"50","operator":"Central Railway","highspeed":"no","tracks":1,"network_type":"yard_loop","corridor":"PUNE-LNL"},"geometry":{"type":"LineString","coordinates":[[73.948681,18.476998],[73.949349,18.476433]]}},{"type":"Feature","id":1266102022,"properties":{"id":1266102022,"railway":"rail","service":"crossover","name":"Pune - Miraj Railway Line","usage":"service","gauge":"1676","electrified":"contact_line","voltage":"25000","frequency":"50","operator":"Central Railway","highspeed":"no","tracks":1,"network_type":"yard_loop","corridor":"PUNE-LNL"},"geometry":{"type":"LineString","coordinates":[[73.947284,18.47802],[73.946472,18.478534]]}},{"type":"Feature","id":1266102023,"properties":{"id":1266102023,"railway":"rail","service":"crossover","name":"Pune - Miraj Railway Line","usage":"service","gauge":"1676","electrified":"contact_line","voltage":"25000","frequency":"50","operator":"Central Railway","highspeed":"no","tracks":1,"network_type":"yard_loop","corridor":"PUNE-LNL"},"geometry":{"type":"LineString","coordinates":[[73.898603,18.526307],[73.898852,18.526059],[73.899033,18.52583],[73.899186,18.525611],[73.899382,18.525359]]}},{"type":"Feature","id":1266102025,"properties":{"id":1266102025,"railway":"rail","service":"crossover","name":null,"usage":"service","gauge":"1676","electrified":"contact_line","voltage":"25000","frequency":"50","operator":"Central Railway","highspeed":"no","tracks":1,"network_type":"yard_loop","corridor":"PUNE-DIV"},"geometry":{"type":"LineString","coordinates":[[74.010282,18.456055],[74.011842,18.45607]]}},{"type":"Feature","id":1266102026,"properties":{"id":1266102026,"railway":"rail","service":null,"name":"Pune - Miraj Railway Line","usage":"main","gauge":"1676","electrified":"contact_line","voltage":"25000","frequency":"50","operator":"Central Railway","highspeed":"no","tracks":1,"network_type":"mainline","corridor":"PUNE-LNL"},"geometry":{"type":"LineString","coordinates":[[73.997231,18.458766],[73.998024,18.458565],[73.99826,18.458501],[73.99859,18.458406],[73.99989,18.458005],[74.002463,18.457199],[74.003489,18.456887],[74.003807,18.4568],[74.004107,18.456719],[74.004486,18.456627],[74.004761,18.456571],[74.005006,18.456524],[74.005278,18.456479],[74.005529,18.456446],[74.005882,18.456419],[74.006399,18.456394],[74.007026,18.456355],[74.007359,18.456335],[74.007721,18.456295],[74.00814,18.456236]]}},{"type":"Feature","id":1266102027,"properties":{"id":1266102027,"railway":"rail","service":"crossover","name":null,"usage":"service","gauge":"1676","electrified":"contact_line","voltage":"25000","frequency":"50","operator":"Central Railway","highspeed":"no","tracks":1,"network_type":"yard_loop","corridor":"PUNE-DIV"},"geometry":{"type":"LineString","coordinates":[[73.995495,18.459264],[73.994522,18.459623]]}},{"type":"Feature","id":1266102028,"properties":{"id":1266102028,"railway":"rail","service":"crossover","name":null,"usage":"service","gauge":"1676","electrified":"contact_line","voltage":"25000","frequency":"50","operator":"Central Railway","highspeed":"no","tracks":1,"network_type":"yard_loop","corridor":"PUNE-DIV"},"geometry":{"type":"LineString","coordinates":[[73.957024,18.47201],[73.957674,18.471839]]}},{"type":"Feature","id":1266102029,"properties":{"id":1266102029,"railway":"rail","service":null,"name":"Pune - Miraj Railway Line","usage":"main","gauge":"1676","electrified":"contact_line","voltage":"25000","frequency":"50","operator":"Central Railway","highspeed":"no","tracks":1,"network_type":"mainline","corridor":"PUNE-LNL"},"geometry":{"type":"LineString","coordinates":[[73.948068,18.477457],[73.948642,18.477088],[73.94887,18.476946],[73.949035,18.476828],[73.949236,18.476685],[73.949591,18.476382],[73.949726,18.476264],[73.95042,18.475766],[73.950994,18.475355],[73.951929,18.474676],[73.952736,18.474097],[73.953098,18.473836],[73.953396,18.473637],[73.95368,18.47346],[73.954011,18.473276],[73.954285,18.473142],[73.954584,18.473],[73.954897,18.47287],[73.955228,18.472746],[73.956291,18.472377],[73.956926,18.472101]]}},{"type":"Feature","id":1266102030,"properties":{"id":1266102030,"railway":"rail","service":"yard","name":null,"usage":"service","gauge":"1676","electrified":"contact_line","voltage":"25000","frequency":"50","operator":"Central Railway","highspeed":"no","tracks":1,"network_type":"yard_loop","corridor":"PUNE-DIV"},"geometry":{"type":"LineString","coordinates":[[73.94887,18.476946],[73.948323,18.477339],[73.946737,18.478467],[73.945308,18.479491]]}},{"type":"Feature","id":1266102031,"properties":{"id":1266102031,"railway":"rail","service":"spur","name":null,"usage":"service","gauge":"1676","electrified":"contact_line","voltage":"25000","frequency":"50","operator":"Central Railway","highspeed":"no","tracks":1,"network_type":"yard_loop","corridor":"PUNE-DIV"},"geometry":{"type":"LineString","coordinates":[[73.949236,18.476685],[73.95015,18.476032],[73.950594,18.475711],[73.951546,18.475023],[73.952876,18.474055],[73.953136,18.473875],[73.953319,18.473748],[73.953509,18.473628],[73.95376,18.473477],[73.953983,18.473351],[73.954206,18.473238],[73.954508,18.473092],[73.954782,18.472971],[73.955018,18.472877],[73.955476,18.472709],[73.956515,18.472358],[73.956958,18.472197],[73.957274,18.472086],[73.957517,18.471982],[73.95788,18.471839],[73.95813,18.471747],[73.959416,18.471305]]}},{"type":"Feature","id":1266102034,"properties":{"id":1266102034,"railway":"rail","service":"spur","name":null,"usage":"service","gauge":"1676","electrified":"contact_line","voltage":"25000","frequency":"50","operator":"Central Railway","highspeed":"no","tracks":1,"network_type":"yard_loop","corridor":"PUNE-DIV"},"geometry":{"type":"LineString","coordinates":[[73.950594,18.475711],[73.950934,18.475524],[73.951133,18.475375],[73.952127,18.474656],[73.95245,18.474432],[73.952601,18.474354],[73.952934,18.474202],[73.953865,18.473817],[73.95435,18.473619],[73.954583,18.473518],[73.954871,18.473396],[73.955612,18.473101],[73.95687,18.472665],[73.959273,18.471837]]}},{"type":"Feature","id":1266102035,"properties":{"id":1266102035,"railway":"rail","service":"yard","name":null,"usage":"service","gauge":"1676","electrified":"contact_line","voltage":"25000","frequency":"50","operator":"Central Railway","highspeed":"no","tracks":1,"network_type":"yard_loop","corridor":"PUNE-DIV"},"geometry":{"type":"LineString","coordinates":[[73.897688,18.526947],[73.897993,18.526803],[73.898254,18.526666],[73.898434,18.526553],[73.898587,18.52643],[73.898799,18.526231],[73.898972,18.526043]]}},{"type":"Feature","id":1266102101,"properties":{"id":1266102101,"railway":"rail","service":null,"name":"Pune - Miraj Railway Line","usage":"main","gauge":"1676","electrified":"contact_line","voltage":"25000","frequency":"50","operator":"Central Railway","highspeed":"no","tracks":1,"network_type":"mainline","corridor":"PUNE-LNL"},"geometry":{"type":"LineString","coordinates":[[74.045221,18.459936],[74.046041,18.460075],[74.048993,18.460552],[74.05059,18.460817],[74.051606,18.460987],[74.054857,18.461482],[74.056097,18.461711],[74.056269,18.461738],[74.057023,18.46186],[74.057403,18.461922]]}},{"type":"Feature","id":1266102102,"properties":{"id":1266102102,"railway":"rail","service":null,"name":"Pune - Miraj Railway Line","usage":"main","gauge":"1676","electrified":"contact_line","voltage":"25000","frequency":"50","operator":"Central Railway","highspeed":"no","tracks":1,"network_type":"mainline","corridor":"PUNE-LNL"},"geometry":{"type":"LineString","coordinates":[[74.045045,18.459906],[74.045221,18.459936]]}},{"type":"Feature","id":1266102103,"properties":{"id":1266102103,"railway":"rail","service":null,"name":"Pune - Miraj Railway Line","usage":"main","gauge":"1676","electrified":"contact_line","voltage":"25000","frequency":"50","operator":"Central Railway","highspeed":"no","tracks":1,"network_type":"mainline","corridor":"PUNE-LNL"},"geometry":{"type":"LineString","coordinates":[[74.045197,18.460028],[74.045348,18.460052],[74.046626,18.460249],[74.047174,18.460337],[74.047629,18.460381],[74.048227,18.460466],[74.050836,18.460903],[74.052996,18.46124],[74.053689,18.461344],[74.056262,18.461779],[74.056399,18.461802],[74.057395,18.461966]]}},{"type":"Feature","id":1266102104,"properties":{"id":1266102104,"railway":"rail","service":null,"name":"Pune - Miraj Railway Line","usage":"main","gauge":"1676","electrified":"contact_line","voltage":"25000","frequency":"50","operator":"Central Railway","highspeed":"no","tracks":1,"network_type":"mainline","corridor":"PUNE-LNL"},"geometry":{"type":"LineString","coordinates":[[74.045024,18.459999],[74.045197,18.460028]]}},{"type":"Feature","id":1266102107,"properties":{"id":1266102107,"railway":"rail","service":null,"name":"Pune - Miraj Railway Line","usage":"main","gauge":"1676","electrified":"contact_line","voltage":"25000","frequency":"50","operator":"Central Railway","highspeed":"no","tracks":1,"network_type":"mainline","corridor":"PUNE-LNL"},"geometry":{"type":"LineString","coordinates":[[74.034525,18.455747],[74.034605,18.455778],[74.034804,18.455863],[74.035079,18.455999],[74.035741,18.456354],[74.037175,18.457137],[74.03875,18.458003],[74.039575,18.458466],[74.040095,18.458746],[74.040391,18.458897],[74.040666,18.459022],[74.040955,18.459148],[74.041244,18.459254],[74.04165,18.459381],[74.041853,18.45944],[74.042197,18.459523],[74.042715,18.459624],[74.043717,18.459778],[74.044852,18.459971],[74.045024,18.459999]]}},{"type":"Feature","id":1266102108,"properties":{"id":1266102108,"railway":"rail","service":null,"name":"Pune - Miraj Railway Line","usage":"main","gauge":"1676","electrified":"contact_line","voltage":"25000","frequency":"50","operator":"Central Railway","highspeed":"no","tracks":1,"network_type":"mainline","corridor":"PUNE-LNL"},"geometry":{"type":"LineString","coordinates":[[74.034479,18.455728],[74.034525,18.455747]]}},{"type":"Feature","id":1266102109,"properties":{"id":1266102109,"railway":"rail","service":null,"name":"Pune - Miraj Railway Line","usage":"main","gauge":"1676","electrified":"contact_line","voltage":"25000","frequency":"50","operator":"Central Railway","highspeed":"no","tracks":1,"network_type":"mainline","corridor":"PUNE-LNL"},"geometry":{"type":"LineString","coordinates":[[74.034546,18.455695],[74.034848,18.455818],[74.035245,18.456014],[74.035571,18.456191],[74.038284,18.457673],[74.039559,18.458389],[74.039991,18.458625],[74.040302,18.458778],[74.040563,18.458894],[74.040882,18.45903],[74.041288,18.459181],[74.041639,18.459288],[74.041965,18.459379],[74.042287,18.459455],[74.042618,18.459519],[74.043004,18.459583],[74.043233,18.45962],[74.044045,18.459738],[74.045045,18.459906]]}},{"type":"Feature","id":1266102110,"properties":{"id":1266102110,"railway":"rail","service":null,"name":"Pune - Miraj Railway Line","usage":"main","gauge":"1676","electrified":"contact_line","voltage":"25000","frequency":"50","operator":"Central Railway","highspeed":"no","tracks":1,"network_type":"mainline","corridor":"PUNE-LNL"},"geometry":{"type":"LineString","coordinates":[[74.034507,18.45568],[74.034546,18.455695]]}},{"type":"Feature","id":1266102111,"properties":{"id":1266102111,"railway":"rail","service":null,"name":"Pune - Miraj Railway Line","usage":"main","gauge":"1676","electrified":"contact_line","voltage":"25000","frequency":"50","operator":"Central Railway","highspeed":"no","tracks":1,"network_type":"mainline","corridor":"PUNE-LNL"},"geometry":{"type":"LineString","coordinates":[[74.030235,18.455159],[74.030756,18.455129],[74.031074,18.455131],[74.031374,18.455126],[74.031634,18.455124],[74.031888,18.455131],[74.03219,18.455152],[74.032508,18.455192],[74.032801,18.455239],[74.033158,18.455305],[74.03337,18.455353],[74.033705,18.455452],[74.034083,18.45558],[74.034404,18.455699],[74.034479,18.455728]]}},{"type":"Feature","id":1266102112,"properties":{"id":1266102112,"railway":"rail","service":null,"name":"Pune - Miraj Railway Line","usage":"main","gauge":"1676","electrified":"contact_line","voltage":"25000","frequency":"50","operator":"Central Railway","highspeed":"no","tracks":1,"network_type":"mainline","corridor":"PUNE-LNL"},"geometry":{"type":"LineString","coordinates":[[74.030178,18.455162],[74.030235,18.455159]]}},{"type":"Feature","id":1266102113,"properties":{"id":1266102113,"railway":"rail","service":null,"name":"Pune - Miraj Railway Line","usage":"main","gauge":"1676","electrified":"contact_line","voltage":"25000","frequency":"50","operator":"Central Railway","highspeed":"no","tracks":1,"network_type":"mainline","corridor":"PUNE-LNL"},"geometry":{"type":"LineString","coordinates":[[74.030236,18.455067],[74.030701,18.455042],[74.031453,18.455037],[74.031705,18.455035],[74.032023,18.455054],[74.032382,18.455096],[74.032719,18.455151],[74.032993,18.4552],[74.033299,18.455274],[74.03367,18.455382],[74.033975,18.455478],[74.034363,18.455621],[74.034507,18.45568]]}},{"type":"Feature","id":1266102114,"properties":{"id":1266102114,"railway":"rail","service":null,"name":"Pune - Miraj Railway Line","usage":"main","gauge":"1676","electrified":"contact_line","voltage":"25000","frequency":"50","operator":"Central Railway","highspeed":"no","tracks":1,"network_type":"mainline","corridor":"PUNE-LNL"},"geometry":{"type":"LineString","coordinates":[[74.030165,18.455071],[74.030236,18.455067]]}},{"type":"Feature","id":1266102115,"properties":{"id":1266102115,"railway":"rail","service":null,"name":"Pune - Miraj Railway Line","usage":"main","gauge":"1676","electrified":"contact_line","voltage":"25000","frequency":"50","operator":"Central Railway","highspeed":"no","tracks":1,"network_type":"mainline","corridor":"PUNE-LNL"},"geometry":{"type":"LineString","coordinates":[[74.023627,18.455455],[74.023788,18.455446],[74.024579,18.455428],[74.027265,18.455322],[74.029837,18.455181],[74.030178,18.455162]]}},{"type":"Feature","id":1266102116,"properties":{"id":1266102116,"railway":"rail","service":null,"name":"Pune - Miraj Railway Line","usage":"main","gauge":"1676","electrified":"contact_line","voltage":"25000","frequency":"50","operator":"Central Railway","highspeed":"no","tracks":1,"network_type":"mainline","corridor":"PUNE-LNL"},"geometry":{"type":"LineString","coordinates":[[74.023503,18.455462],[74.023627,18.455455]]}},{"type":"Feature","id":1266102117,"properties":{"id":1266102117,"railway":"rail","service":null,"name":"Pune - Miraj Railway Line","usage":"main","gauge":"1676","electrified":"contact_line","voltage":"25000","frequency":"50","operator":"Central Railway","highspeed":"no","tracks":1,"network_type":"mainline","corridor":"PUNE-LNL"},"geometry":{"type":"LineString","coordinates":[[74.023636,18.455363],[74.028092,18.455186],[74.029936,18.455084],[74.030165,18.455071]]}},{"type":"Feature","id":1266102118,"properties":{"id":1266102118,"railway":"rail","service":null,"name":"Pune - Miraj Railway Line","usage":"main","gauge":"1676","electrified":"contact_line","voltage":"25000","frequency":"50","operator":"Central Railway","highspeed":"no","tracks":1,"network_type":"mainline","corridor":"PUNE-LNL"},"geometry":{"type":"LineString","coordinates":[[74.02349,18.455372],[74.023636,18.455363]]}},{"type":"Feature","id":1266102123,"properties":{"id":1266102123,"railway":"rail","service":null,"name":"Pune - Miraj Railway Line","usage":"main","gauge":"1676","electrified":"contact_line","voltage":"25000","frequency":"50","operator":"Central Railway","highspeed":"no","tracks":1,"network_type":"mainline","corridor":"PUNE-LNL"},"geometry":{"type":"LineString","coordinates":[[74.008843,18.4562],[74.010064,18.456148],[74.011842,18.45607],[74.01364,18.455965],[74.016065,18.455827],[74.017323,18.455741],[74.017955,18.45571],[74.018465,18.455691],[74.020368,18.45562],[74.021394,18.455576],[74.022448,18.455523],[74.023503,18.455462]]}},{"type":"Feature","id":1266102124,"properties":{"id":1266102124,"railway":"rail","service":null,"name":"Pune - Miraj Railway Line","usage":"main","gauge":"1676","electrified":"contact_line","voltage":"25000","frequency":"50","operator":"Central Railway","highspeed":"no","tracks":1,"network_type":"mainline","corridor":"PUNE-LNL"},"geometry":{"type":"LineString","coordinates":[[74.008697,18.456205],[74.008843,18.4562]]}},{"type":"Feature","id":1266102125,"properties":{"id":1266102125,"railway":"rail","service":null,"name":"Pune - Miraj Railway Line","usage":"main","gauge":"1676","electrified":"contact_line","voltage":"25000","frequency":"50","operator":"Central Railway","highspeed":"no","tracks":1,"network_type":"mainline","corridor":"PUNE-LNL"},"geometry":{"type":"LineString","coordinates":[[74.008842,18.456119],[74.010282,18.456055],[74.013131,18.455903],[74.016846,18.455717],[74.018963,18.455618],[74.020844,18.455507],[74.022025,18.455458],[74.022631,18.455424],[74.02349,18.455372]]}},{"type":"Feature","id":1266102126,"properties":{"id":1266102126,"railway":"rail","service":null,"name":"Pune - Miraj Railway Line","usage":"main","gauge":"1676","electrified":"contact_line","voltage":"25000","frequency":"50","operator":"Central Railway","highspeed":"no","tracks":1,"network_type":"mainline","corridor":"PUNE-LNL"},"geometry":{"type":"LineString","coordinates":[[74.008696,18.456121],[74.008842,18.456119]]}},{"type":"Feature","id":1266102127,"properties":{"id":1266102127,"railway":"rail","service":null,"name":"Pune - Miraj Railway Line","usage":"main","gauge":"1676","electrified":"contact_line","voltage":"25000","frequency":"50","operator":"Central Railway","highspeed":"no","tracks":1,"network_type":"mainline","corridor":"PUNE-LNL"},"geometry":{"type":"LineString","coordinates":[[73.99131,18.460686],[73.992009,18.460472],[73.992423,18.46034],[73.993052,18.460103],[73.993479,18.459954],[73.994522,18.459623],[73.996258,18.459068],[73.996929,18.458856],[73.997231,18.458766],[73.99799,18.45854],[73.999324,18.458131],[74.002864,18.457023],[74.003212,18.456924],[74.003651,18.456793],[74.004044,18.456685],[74.004319,18.456623],[74.00458,18.456565],[74.004906,18.456501],[74.005147,18.456459],[74.005416,18.456418],[74.00576,18.45638],[74.006995,18.456307],[74.00814,18.456236],[74.008697,18.456205]]}},{"type":"Feature","id":1266102128,"properties":{"id":1266102128,"railway":"rail","service":null,"name":"Pune - Miraj Railway Line","usage":"main","gauge":"1676","electrified":"contact_line","voltage":"25000","frequency":"50","operator":"Central Railway","highspeed":"no","tracks":1,"network_type":"mainline","corridor":"PUNE-LNL"},"geometry":{"type":"LineString","coordinates":[[73.991188,18.460723],[73.99131,18.460686]]}},{"type":"Feature","id":1266102129,"properties":{"id":1266102129,"railway":"rail","service":null,"name":"Pune - Miraj Railway Line","usage":"main","gauge":"1676","electrified":"contact_line","voltage":"25000","frequency":"50","operator":"Central Railway","highspeed":"no","tracks":1,"network_type":"mainline","corridor":"PUNE-LNL"},"geometry":{"type":"LineString","coordinates":[[73.991273,18.460573],[73.995495,18.459264],[73.995615,18.459227],[73.997105,18.458745],[73.998519,18.458337],[74.002297,18.457128],[74.003365,18.456812],[74.003896,18.456653],[74.004335,18.456533],[74.004798,18.456429],[74.005112,18.456368],[74.005313,18.456336],[74.006069,18.45627],[74.007465,18.45619],[74.008272,18.456144],[74.008696,18.456121]]}},{"type":"Feature","id":1266102130,"properties":{"id":1266102130,"railway":"rail","service":null,"name":"Pune - Miraj Railway Line","usage":"main","gauge":"1676","electrified":"contact_line","voltage":"25000","frequency":"50","operator":"Central Railway","highspeed":"no","tracks":1,"network_type":"mainline","corridor":"PUNE-LNL"},"geometry":{"type":"LineString","coordinates":[[73.991149,18.460611],[73.991273,18.460573]]}},{"type":"Feature","id":1266102132,"properties":{"id":1266102132,"railway":"rail","service":null,"name":"Pune - Miraj Railway Line","usage":"main","gauge":"1676","electrified":"contact_line","voltage":"25000","frequency":"50","operator":"Central Railway","highspeed":"no","tracks":1,"network_type":"mainline","corridor":"PUNE-LNL"},"geometry":{"type":"LineString","coordinates":[[73.970225,18.468004],[73.971933,18.467271],[73.974357,18.466242],[73.975187,18.465886],[73.976547,18.465307],[73.976998,18.465125],[73.977271,18.465012],[73.977569,18.464899],[73.977844,18.464796],[73.978166,18.464687],[73.97904,18.46442],[73.979186,18.464375],[73.982335,18.463405],[73.984984,18.462574],[73.987842,18.461694],[73.988299,18.461548],[73.988669,18.461446],[73.989225,18.461302],[73.989732,18.461156],[73.990988,18.460784],[73.991188,18.460723]]}},{"type":"Feature","id":1266102133,"properties":{"id":1266102133,"railway":"rail","service":null,"name":"Pune - Miraj Railway Line","usage":"main","gauge":"1676","electrified":"contact_line","voltage":"25000","frequency":"50","operator":"Central Railway","highspeed":"no","tracks":1,"network_type":"mainline","corridor":"PUNE-LNL"},"geometry":{"type":"LineString","coordinates":[[73.970207,18.467947],[73.970771,18.467706],[73.973371,18.466611],[73.97594,18.465504],[73.976774,18.465155],[73.977206,18.46498],[73.977484,18.46487],[73.977775,18.464768],[73.978133,18.464647],[73.97904,18.464369],[73.979913,18.464102],[73.983433,18.463006],[73.986707,18.461986],[73.989426,18.461148],[73.991149,18.460611]]}},{"type":"Feature","id":1266102134,"properties":{"id":1266102134,"railway":"rail","service":null,"name":"Pune - Miraj Railway Line","usage":"main","gauge":"1676","electrified":"contact_line","voltage":"25000","frequency":"50","operator":"Central Railway","highspeed":"no","tracks":1,"network_type":"mainline","corridor":"PUNE-LNL"},"geometry":{"type":"LineString","coordinates":[[73.969974,18.468046],[73.970207,18.467947]]}},{"type":"Feature","id":1266102135,"properties":{"id":1266102135,"railway":"rail","service":null,"name":"Pune - Miraj Railway Line","usage":"main","gauge":"1676","electrified":"contact_line","voltage":"25000","frequency":"50","operator":"Central Railway","highspeed":"no","tracks":1,"network_type":"mainline","corridor":"PUNE-LNL"},"geometry":{"type":"LineString","coordinates":[[73.969994,18.468104],[73.970225,18.468004]]}},{"type":"Feature","id":1266102140,"properties":{"id":1266102140,"railway":"rail","service":null,"name":"Pune - Miraj Railway Line","usage":"main","gauge":"1676","electrified":"contact_line","voltage":"25000","frequency":"50","operator":"Central Railway","highspeed":"no","tracks":1,"network_type":"mainline","corridor":"PUNE-LNL"},"geometry":{"type":"LineString","coordinates":[[73.908412,18.512781],[73.909579,18.511594],[73.910073,18.511096],[73.911653,18.509493],[73.911925,18.509221],[73.913102,18.508041],[73.914539,18.506615],[73.915748,18.505402],[73.916399,18.504738],[73.917438,18.503667],[73.918889,18.502163],[73.919197,18.501856],[73.920241,18.500813],[73.921589,18.499446],[73.922972,18.498065],[73.924211,18.49682],[73.925596,18.495418],[73.927202,18.493796],[73.927383,18.493612]]}},{"type":"Feature","id":1266102141,"properties":{"id":1266102141,"railway":"rail","service":null,"name":"Pune - Miraj Railway Line","usage":"main","gauge":"1676","electrified":"contact_line","voltage":"25000","frequency":"50","operator":"Central Railway","highspeed":"no","tracks":1,"network_type":"mainline","corridor":"PUNE-LNL"},"geometry":{"type":"LineString","coordinates":[[73.927383,18.493612],[73.92748,18.493514]]}},{"type":"Feature","id":1266102142,"properties":{"id":1266102142,"railway":"rail","service":null,"name":"Pune - Miraj Railway Line","usage":"main","gauge":"1676","electrified":"contact_line","voltage":"25000","frequency":"50","operator":"Central Railway","highspeed":"no","tracks":1,"network_type":"mainline","corridor":"PUNE-LNL"},"geometry":{"type":"LineString","coordinates":[[73.927437,18.493476],[73.92776,18.493149],[73.928384,18.492521],[73.929405,18.491483],[73.929911,18.490965],[73.930312,18.49056],[73.930762,18.490097],[73.931437,18.489413],[73.931684,18.489171],[73.931896,18.488973],[73.931931,18.488945],[73.932259,18.488683],[73.934549,18.487049],[73.935366,18.486464],[73.936291,18.485803],[73.937646,18.48484],[73.938345,18.484337],[73.938883,18.483953],[73.939346,18.483617],[73.939732,18.483338],[73.939911,18.483209],[73.9408,18.482572],[73.942128,18.481621],[73.942866,18.481111],[73.943868,18.480393],[73.945528,18.479207],[73.946472,18.478534],[73.947459,18.477833],[73.949349,18.476433],[73.949494,18.476327],[73.950079,18.475901],[73.950961,18.475267],[73.952801,18.473942],[73.953076,18.473747],[73.953292,18.473605],[73.953495,18.473482],[73.953742,18.473331],[73.953998,18.473185],[73.954213,18.473072],[73.954472,18.472942],[73.954676,18.472852],[73.954903,18.472765],[73.955159,18.472668],[73.955428,18.472572],[73.956938,18.472042],[73.957024,18.47201],[73.959386,18.471184],[73.962634,18.470038],[73.963792,18.469625],[73.964574,18.469353],[73.96511,18.469174],[73.965375,18.469093],[73.965677,18.469018],[73.965944,18.468961],[73.966158,18.468926],[73.967023,18.468827],[73.967409,18.468789],[73.967681,18.468757],[73.967981,18.468711],[73.968227,18.46866],[73.968459,18.468603],[73.968763,18.468523],[73.969112,18.468404],[73.969365,18.468305],[73.96969,18.468166],[73.969974,18.468046]]}},{"type":"Feature","id":1266102143,"properties":{"id":1266102143,"railway":"rail","service":null,"name":"Pune - Miraj Railway Line","usage":"main","gauge":"1676","electrified":"contact_line","voltage":"25000","frequency":"50","operator":"Central Railway","highspeed":"no","tracks":1,"network_type":"mainline","corridor":"PUNE-LNL"},"geometry":{"type":"LineString","coordinates":[[73.92734,18.493575],[73.927437,18.493476]]}},{"type":"Feature","id":1266102144,"properties":{"id":1266102144,"railway":"rail","service":null,"name":"Pune - Miraj Railway Line","usage":"main","gauge":"1676","electrified":"contact_line","voltage":"25000","frequency":"50","operator":"Central Railway","highspeed":"no","tracks":1,"network_type":"mainline","corridor":"PUNE-LNL"},"geometry":{"type":"LineString","coordinates":[[73.901035,18.523008],[73.901816,18.521857],[73.903143,18.5199],[73.904403,18.51803],[73.905442,18.516482],[73.906006,18.515662],[73.906239,18.515314]]}},{"type":"Feature","id":1266102145,"properties":{"id":1266102145,"railway":"rail","service":null,"name":"Pune - Miraj Railway Line","usage":"main","gauge":"1676","electrified":"contact_line","voltage":"25000","frequency":"50","operator":"Central Railway","highspeed":"no","tracks":1,"network_type":"mainline","corridor":"PUNE-LNL"},"geometry":{"type":"LineString","coordinates":[[73.908258,18.512935],[73.908412,18.512781]]}},{"type":"Feature","id":1266102146,"properties":{"id":1266102146,"railway":"rail","service":null,"name":"Pune - Miraj Railway Line","usage":"main","gauge":"1676","electrified":"contact_line","voltage":"25000","frequency":"50","operator":"Central Railway","highspeed":"no","tracks":1,"network_type":"mainline","corridor":"PUNE-LNL"},"geometry":{"type":"LineString","coordinates":[[73.908365,18.512729],[73.908457,18.512639],[73.909998,18.51106],[73.911692,18.509355],[73.91187,18.509172],[73.912824,18.508191],[73.913285,18.507734],[73.913951,18.50707],[73.914835,18.506182],[73.915836,18.505172],[73.916468,18.504541],[73.917012,18.503982],[73.917519,18.50347],[73.917899,18.503088],[73.918258,18.502722],[73.918849,18.502124],[73.919155,18.501818],[73.919994,18.500981],[73.921252,18.499721],[73.922315,18.498663],[73.922921,18.498031],[73.924174,18.496775],[73.925286,18.495649],[73.927184,18.493734],[73.92734,18.493575]]}},{"type":"Feature","id":1266102147,"properties":{"id":1266102147,"railway":"rail","service":null,"name":"Pune - Miraj Railway Line","usage":"main","gauge":"1676","electrified":"contact_line","voltage":"25000","frequency":"50","operator":"Central Railway","highspeed":"no","tracks":1,"network_type":"mainline","corridor":"PUNE-LNL"},"geometry":{"type":"LineString","coordinates":[[73.908213,18.51288],[73.908365,18.512729]]}},{"type":"Feature","id":1266102148,"properties":{"id":1266102148,"railway":"rail","service":null,"name":"Pune - Miraj Railway Line","usage":"main","gauge":"1676","electrified":"contact_line","voltage":"25000","frequency":"50","operator":"Central Railway","highspeed":"no","tracks":1,"network_type":"mainline","corridor":"PUNE-LNL"},"geometry":{"type":"LineString","coordinates":[[73.906256,18.51516],[73.906447,18.514873],[73.906655,18.514578],[73.906931,18.514217],[73.907277,18.513803],[73.908213,18.51288]]}},{"type":"Feature","id":1266102149,"properties":{"id":1266102149,"railway":"rail","service":null,"name":"Pune - Miraj Railway Line","usage":"main","gauge":"1676","electrified":"contact_line","voltage":"25000","frequency":"50","operator":"Central Railway","highspeed":"no","tracks":1,"network_type":"mainline","corridor":"PUNE-LNL"},"geometry":{"type":"LineString","coordinates":[[73.906308,18.515211],[73.906377,18.515109],[73.906694,18.514639],[73.907049,18.514198],[73.907301,18.513894],[73.907559,18.513631],[73.908196,18.512997],[73.908258,18.512935]]}},{"type":"Feature","id":1266102150,"properties":{"id":1266102150,"railway":"rail","service":null,"name":"Pune - Miraj Railway Line","usage":"main","gauge":"1676","electrified":"contact_line","voltage":"25000","frequency":"50","operator":"Central Railway","highspeed":"no","tracks":1,"network_type":"mainline","corridor":"PUNE-LNL"},"geometry":{"type":"LineString","coordinates":[[73.906239,18.515314],[73.906308,18.515211]]}},{"type":"Feature","id":1266102151,"properties":{"id":1266102151,"railway":"rail","service":null,"name":"Pune - Miraj Railway Line","usage":"main","gauge":"1676","electrified":"contact_line","voltage":"25000","frequency":"50","operator":"Central Railway","highspeed":"no","tracks":1,"network_type":"mainline","corridor":"PUNE-LNL"},"geometry":{"type":"LineString","coordinates":[[73.906175,18.51527],[73.906256,18.51516]]}},{"type":"Feature","id":1266102152,"properties":{"id":1266102152,"railway":"rail","service":null,"name":"Pune - Miraj Railway Line","usage":"main","gauge":"1676","electrified":"contact_line","voltage":"25000","frequency":"50","operator":"Central Railway","highspeed":"no","tracks":1,"network_type":"mainline","corridor":"PUNE-LNL"},"geometry":{"type":"LineString","coordinates":[[73.895288,18.527656],[73.89553,18.52755],[73.895966,18.527427],[73.896864,18.527192],[73.897075,18.527138],[73.897227,18.527086],[73.897284,18.527067],[73.897517,18.526971],[73.897729,18.526873],[73.897966,18.526748],[73.898238,18.526583],[73.898381,18.526483],[73.898603,18.526307],[73.898777,18.526155],[73.898908,18.526024],[73.899076,18.525836],[73.899282,18.525585],[73.899526,18.525243],[73.900492,18.523808],[73.90092,18.523177]]}},{"type":"Feature","id":1266102153,"properties":{"id":1266102153,"railway":"rail","service":null,"name":"Pune - Miraj Railway Line","usage":"main","gauge":"1676","electrified":"contact_line","voltage":"25000","frequency":"50","operator":"Central Railway","highspeed":"no","tracks":1,"network_type":"mainline","corridor":"PUNE-LNL"},"geometry":{"type":"LineString","coordinates":[[73.900983,18.522955],[73.901471,18.522232],[73.902179,18.521186],[73.902888,18.520129],[73.903761,18.518867],[73.90418,18.518242],[73.904855,18.517231],[73.905658,18.516041],[73.905973,18.515572],[73.906175,18.51527]]}},{"type":"Feature","id":1266102154,"properties":{"id":1266102154,"railway":"rail","service":null,"name":"Pune - Miraj Railway Line","usage":"main","gauge":"1676","electrified":"contact_line","voltage":"25000","frequency":"50","operator":"Central Railway","highspeed":"no","tracks":1,"network_type":"mainline","corridor":"PUNE-LNL"},"geometry":{"type":"LineString","coordinates":[[73.90086,18.523181],[73.900983,18.522955]]}},{"type":"Feature","id":1266102155,"properties":{"id":1266102155,"railway":"rail","service":null,"name":"Pune - Miraj Railway Line","usage":"main","gauge":"1676","electrified":"contact_line","voltage":"25000","frequency":"50","operator":"Central Railway","highspeed":"no","tracks":1,"network_type":"mainline","corridor":"PUNE-LNL"},"geometry":{"type":"LineString","coordinates":[[73.90092,18.523177],[73.901035,18.523008]]}},{"type":"Feature","id":1283573313,"properties":{"id":1283573313,"railway":"rail","service":null,"name":"Mumbai–Pune Railway","usage":"main","gauge":"1676","electrified":"contact_line","voltage":"25000","frequency":"50","operator":"Central Railway","highspeed":"no","tracks":1,"network_type":"mainline","corridor":"PUNE-LNL"},"geometry":{"type":"LineString","coordinates":[[73.603239,18.757966],[73.60221,18.758164],[73.601135,18.758517],[73.599912,18.759167],[73.598193,18.760504],[73.597839,18.760753],[73.597509,18.760964],[73.59716,18.761162],[73.596821,18.761334],[73.59652,18.761464],[73.596291,18.761558],[73.595781,18.761733],[73.595294,18.761854],[73.594774,18.761988],[73.594285,18.762056],[73.594044,18.762077],[73.59384,18.76209],[73.593408,18.762091],[73.592465,18.762068],[73.589031,18.761911],[73.574901,18.761245],[73.573576,18.761209],[73.572502,18.761244],[73.571355,18.761343],[73.569911,18.761526],[73.568231,18.762052],[73.567936,18.76216]]}},{"type":"Feature","id":1283573314,"properties":{"id":1283573314,"railway":"rail","service":null,"name":null,"usage":"main","gauge":"1676","electrified":"contact_line","voltage":"25000","frequency":"50","operator":"Central Railway","highspeed":"no","tracks":1,"network_type":"mainline","corridor":"PUNE-DIV"},"geometry":{"type":"LineString","coordinates":[[73.567936,18.76216],[73.567836,18.762196]]}},{"type":"Feature","id":1314727577,"properties":{"id":1314727577,"railway":"rail","service":null,"name":"Mumbai–Pune Railway","usage":"main","gauge":"1676","electrified":"contact_line","voltage":"25000","frequency":"50","operator":"Central Railway","highspeed":"no","tracks":1,"network_type":"mainline","corridor":"PUNE-LNL"},"geometry":{"type":"LineString","coordinates":[[73.859307,18.528509],[73.857819,18.528448],[73.857319,18.528465],[73.857119,18.528486],[73.856901,18.52851],[73.856485,18.528587],[73.855848,18.528767],[73.855306,18.528974],[73.854561,18.529339],[73.854133,18.52958],[73.853838,18.529787],[73.853393,18.530098],[73.853276,18.530199]]}},{"type":"Feature","id":1314727578,"properties":{"id":1314727578,"railway":"rail","service":null,"name":null,"usage":"main","gauge":"1676","electrified":"contact_line","voltage":"25000","frequency":"50","operator":"Central Railway","highspeed":"no","tracks":1,"network_type":"mainline","corridor":"PUNE-DIV"},"geometry":{"type":"LineString","coordinates":[[73.868847,18.529096],[73.868369,18.529014]]}},{"type":"Feature","id":1314727579,"properties":{"id":1314727579,"railway":"rail","service":null,"name":"Mumbai–Pune Railway","usage":"main","gauge":"1676","electrified":"contact_line","voltage":"25000","frequency":"50","operator":"Central Railway","highspeed":"no","tracks":1,"network_type":"mainline","corridor":"PUNE-LNL"},"geometry":{"type":"LineString","coordinates":[[73.850116,18.53682],[73.85003,18.537155],[73.847389,18.546776]]}},{"type":"Feature","id":1314727580,"properties":{"id":1314727580,"railway":"rail","service":null,"name":"Mumbai–Pune Railway","usage":"main","gauge":"1676","electrified":"contact_line","voltage":"25000","frequency":"50","operator":"Central Railway","highspeed":"no","tracks":1,"network_type":"mainline","corridor":"PUNE-LNL"},"geometry":{"type":"LineString","coordinates":[[73.847438,18.546794],[73.85008,18.537168],[73.850177,18.536837]]}},{"type":"Feature","id":1314727581,"properties":{"id":1314727581,"railway":"rail","service":null,"name":"Mumbai–Pune Railway","usage":"main","gauge":"1676","electrified":"contact_line","voltage":"25000","frequency":"50","operator":"Central Railway","highspeed":"no","tracks":1,"network_type":"mainline","corridor":"PUNE-LNL"},"geometry":{"type":"LineString","coordinates":[[73.853312,18.530235],[73.853427,18.530136],[73.854162,18.529621],[73.854586,18.529382],[73.855328,18.529019],[73.855866,18.528814],[73.856497,18.528635],[73.856909,18.528559],[73.857089,18.528539],[73.857323,18.528514],[73.857819,18.528497],[73.859307,18.528559]]}},{"type":"Feature","id":1314727583,"properties":{"id":1314727583,"railway":"rail","service":"yard","name":null,"usage":"service","gauge":"1676","electrified":"contact_line","voltage":"25000","frequency":"50","operator":"Central Railway","highspeed":"no","tracks":1,"network_type":"yard_loop","corridor":"PUNE-DIV"},"geometry":{"type":"LineString","coordinates":[[73.408683,18.749245],[73.408272,18.749414],[73.408124,18.749488],[73.407913,18.749616]]}},{"type":"Feature","id":1314727584,"properties":{"id":1314727584,"railway":"rail","service":"yard","name":null,"usage":"service","gauge":"1676","electrified":"contact_line","voltage":"25000","frequency":"50","operator":"Central Railway","highspeed":"no","tracks":1,"network_type":"yard_loop","corridor":"PUNE-DIV"},"geometry":{"type":"LineString","coordinates":[[73.409103,18.749072],[73.408683,18.749245]]}},{"type":"Feature","id":1314727585,"properties":{"id":1314727585,"railway":"rail","service":"yard","name":null,"usage":"service","gauge":"1676","electrified":"contact_line","voltage":"25000","frequency":"50","operator":"Central Railway","highspeed":"no","tracks":1,"network_type":"yard_loop","corridor":"PUNE-DIV"},"geometry":{"type":"LineString","coordinates":[[73.408704,18.749292],[73.407913,18.749616],[73.407647,18.749791],[73.407302,18.749993]]}},{"type":"Feature","id":1314727586,"properties":{"id":1314727586,"railway":"rail","service":"yard","name":null,"usage":"service","gauge":"1676","electrified":"contact_line","voltage":"25000","frequency":"50","operator":"Central Railway","highspeed":"no","tracks":1,"network_type":"yard_loop","corridor":"PUNE-DIV"},"geometry":{"type":"LineString","coordinates":[[73.409124,18.74912],[73.408704,18.749292]]}},{"type":"Feature","id":1314727587,"properties":{"id":1314727587,"railway":"rail","service":"yard","name":null,"usage":"service","gauge":"1676","electrified":"contact_line","voltage":"25000","frequency":"50","operator":"Central Railway","highspeed":"no","tracks":1,"network_type":"yard_loop","corridor":"PUNE-DIV"},"geometry":{"type":"LineString","coordinates":[[73.40872,18.749331],[73.409142,18.749161]]}},{"type":"Feature","id":1314727588,"properties":{"id":1314727588,"railway":"rail","service":"yard","name":null,"usage":"service","gauge":"1676","electrified":"contact_line","voltage":"25000","frequency":"50","operator":"Central Railway","highspeed":"no","tracks":1,"network_type":"yard_loop","corridor":"PUNE-DIV"},"geometry":{"type":"LineString","coordinates":[[73.407647,18.749791],[73.407901,18.749666],[73.408008,18.749618],[73.40872,18.749331]]}},{"type":"Feature","id":1314727589,"properties":{"id":1314727589,"railway":"rail","service":"yard","name":null,"usage":"service","gauge":"1676","electrified":"contact_line","voltage":"25000","frequency":"50","operator":"Central Railway","highspeed":"no","tracks":1,"network_type":"yard_loop","corridor":"PUNE-DIV"},"geometry":{"type":"LineString","coordinates":[[73.408738,18.749371],[73.408331,18.749534],[73.408211,18.749577],[73.408008,18.749618]]}},{"type":"Feature","id":1314727590,"properties":{"id":1314727590,"railway":"rail","service":"yard","name":null,"usage":"service","gauge":"1676","electrified":"contact_line","voltage":"25000","frequency":"50","operator":"Central Railway","highspeed":"no","tracks":1,"network_type":"yard_loop","corridor":"PUNE-DIV"},"geometry":{"type":"LineString","coordinates":[[73.40916,18.749201],[73.408738,18.749371]]}},{"type":"Feature","id":1314946584,"properties":{"id":1314946584,"railway":"rail","service":null,"name":"Mumbai–Pune Railway","usage":"main","gauge":"1676","electrified":"contact_line","voltage":"25000","frequency":"50","operator":"Central Railway","highspeed":"no","tracks":1,"network_type":"mainline","corridor":"PUNE-LNL"},"geometry":{"type":"LineString","coordinates":[[73.871691,18.528984],[73.871255,18.528976],[73.87092,18.528991],[73.87066,18.528997],[73.870529,18.529009],[73.869871,18.52905],[73.869362,18.529053],[73.869017,18.52905],[73.868369,18.529014]]}},{"type":"Feature","id":1314946585,"properties":{"id":1314946585,"railway":"rail","service":null,"name":null,"usage":"main","gauge":"1676","electrified":"contact_line","voltage":"25000","frequency":"50","operator":"Central Railway","highspeed":"no","tracks":1,"network_type":"mainline","corridor":"PUNE-DIV"},"geometry":{"type":"LineString","coordinates":[[73.879603,18.530547],[73.879961,18.530726],[73.880329,18.530895]]}},{"type":"Feature","id":1314946613,"properties":{"id":1314946613,"railway":"rail","service":null,"name":null,"usage":"main","gauge":"1676","electrified":"contact_line","voltage":"25000","frequency":"50","operator":"Central Railway","highspeed":"no","tracks":1,"network_type":"mainline","corridor":"PUNE-DIV"},"geometry":{"type":"LineString","coordinates":[[73.870076,18.529318],[73.870287,18.529342],[73.870739,18.529389],[73.870996,18.529414],[73.872659,18.529492]]}},{"type":"Feature","id":1314946614,"properties":{"id":1314946614,"railway":"rail","service":null,"name":null,"usage":"main","gauge":"1676","electrified":"contact_line","voltage":"25000","frequency":"50","operator":"Central Railway","highspeed":"no","tracks":1,"network_type":"mainline","corridor":"PUNE-DIV"},"geometry":{"type":"LineString","coordinates":[[73.868377,18.529066],[73.868603,18.529107],[73.868839,18.529136],[73.869309,18.529232],[73.86955,18.529276]]}},{"type":"Feature","id":1314987828,"properties":{"id":1314987828,"railway":"rail","service":null,"name":null,"usage":"main","gauge":"1676","electrified":"contact_line","voltage":"25000","frequency":"50","operator":"Central Railway","highspeed":"no","tracks":1,"network_type":"mainline","corridor":"PUNE-DIV"},"geometry":{"type":"LineString","coordinates":[[73.345496,18.788945],[73.345821,18.788598]]}},{"type":"Feature","id":1314987862,"properties":{"id":1314987862,"railway":"rail","service":null,"name":null,"usage":"branch","gauge":"1676","electrified":"contact_line","voltage":"25000","frequency":"50","operator":"Central Railway","highspeed":"no","tracks":1,"network_type":"mainline","corridor":"PUNE-DIV"},"geometry":{"type":"LineString","coordinates":[[73.342994,18.791628],[73.343299,18.791306]]}},{"type":"Feature","id":1315005286,"properties":{"id":1315005286,"railway":"rail","service":null,"name":"Mumbai–Pune Railway","usage":"main","gauge":"1676","electrified":"contact_line","voltage":"25000","frequency":"50","operator":"Central Railway","highspeed":"no","tracks":1,"network_type":"mainline","corridor":"PUNE-LNL"},"geometry":{"type":"LineString","coordinates":[[73.603245,18.757999],[73.60222,18.758196],[73.60115,18.758548],[73.599932,18.759195],[73.598223,18.760535],[73.597871,18.760789],[73.597541,18.761002],[73.597184,18.761203],[73.59684,18.761378],[73.596537,18.761504],[73.596307,18.761599],[73.595786,18.761767],[73.595296,18.761894],[73.594784,18.762017],[73.594287,18.76209],[73.594048,18.762115],[73.593842,18.762128],[73.593408,18.762129],[73.59246,18.762098],[73.589026,18.761952],[73.574898,18.761309],[73.573577,18.761262],[73.572503,18.761277],[73.571359,18.761376],[73.569918,18.761559],[73.56796,18.762204]]}},{"type":"Feature","id":1315005287,"properties":{"id":1315005287,"railway":"rail","service":null,"name":null,"usage":"main","gauge":"1676","electrified":"contact_line","voltage":"25000","frequency":"50","operator":"Central Railway","highspeed":"no","tracks":1,"network_type":"mainline","corridor":"PUNE-DIV"},"geometry":{"type":"LineString","coordinates":[[73.56796,18.762204],[73.567855,18.762244]]}},{"type":"Feature","id":1315005288,"properties":{"id":1315005288,"railway":"rail","service":null,"name":null,"usage":"main","gauge":"1676","electrified":"contact_line","voltage":"25000","frequency":"50","operator":"Central Railway","highspeed":"no","tracks":1,"network_type":"mainline","corridor":"PUNE-DIV"},"geometry":{"type":"LineString","coordinates":[[73.521741,18.753184],[73.521296,18.752953],[73.520599,18.752624],[73.519908,18.752326],[73.519158,18.752047],[73.518539,18.751849],[73.518006,18.751718],[73.517306,18.751561],[73.499859,18.748113],[73.486774,18.745517],[73.486101,18.745383]]}},{"type":"Feature","id":1315005289,"properties":{"id":1315005289,"railway":"rail","service":null,"name":null,"usage":"main","gauge":"1676","electrified":"contact_line","voltage":"25000","frequency":"50","operator":"Central Railway","highspeed":"no","tracks":1,"network_type":"mainline","corridor":"PUNE-DIV"},"geometry":{"type":"LineString","coordinates":[[73.521877,18.753258],[73.521741,18.753184]]}},{"type":"Feature","id":1315005290,"properties":{"id":1315005290,"railway":"rail","service":null,"name":null,"usage":"main","gauge":"1676","electrified":"contact_line","voltage":"25000","frequency":"50","operator":"Central Railway","highspeed":"no","tracks":1,"network_type":"mainline","corridor":"PUNE-DIV"},"geometry":{"type":"LineString","coordinates":[[73.521713,18.753227],[73.521267,18.753],[73.520567,18.752667],[73.519876,18.752377],[73.519142,18.752103],[73.518516,18.751908],[73.517986,18.751769],[73.517294,18.751613],[73.49985,18.748153],[73.486207,18.745445],[73.48601,18.745406]]}},{"type":"Feature","id":1315005291,"properties":{"id":1315005291,"railway":"rail","service":null,"name":null,"usage":"main","gauge":"1676","electrified":"contact_line","voltage":"25000","frequency":"50","operator":"Central Railway","highspeed":"no","tracks":1,"network_type":"mainline","corridor":"PUNE-DIV"},"geometry":{"type":"LineString","coordinates":[[73.521851,18.753301],[73.521713,18.753227]]}},{"type":"Feature","id":1315005292,"properties":{"id":1315005292,"railway":"rail","service":null,"name":"Mumbai–Pune Railway","usage":"main","gauge":"1676","electrified":"contact_line","voltage":"25000","frequency":"50","operator":"Central Railway","highspeed":"no","tracks":1,"network_type":"mainline","corridor":"PUNE-LNL"},"geometry":{"type":"LineString","coordinates":[[73.603245,18.757999],[73.60397,18.757894],[73.608918,18.757441],[73.609481,18.757381],[73.61005,18.757299],[73.610694,18.757145],[73.611335,18.756986],[73.612069,18.756737],[73.615641,18.755087]]}},{"type":"Feature","id":1315005293,"properties":{"id":1315005293,"railway":"rail","service":null,"name":"Mumbai–Pune Railway","usage":"main","gauge":"1676","electrified":"contact_line","voltage":"25000","frequency":"50","operator":"Central Railway","highspeed":"no","tracks":1,"network_type":"mainline","corridor":"PUNE-LNL"},"geometry":{"type":"LineString","coordinates":[[73.61561,18.755043],[73.612055,18.756706],[73.611325,18.756954],[73.610685,18.757113],[73.610043,18.757265],[73.609476,18.757348],[73.608914,18.757408],[73.603966,18.75786],[73.603239,18.757966]]}},{"type":"Feature","id":1315005294,"properties":{"id":1315005294,"railway":"rail","service":null,"name":"Mumbai–Pune Railway","usage":"main","gauge":"1676","electrified":"contact_line","voltage":"25000","frequency":"50","operator":"Central Railway","highspeed":"no","tracks":1,"network_type":"mainline","corridor":"PUNE-LNL"},"geometry":{"type":"LineString","coordinates":[[73.615797,18.754953],[73.61561,18.755043]]}},{"type":"Feature","id":1315005295,"properties":{"id":1315005295,"railway":"rail","service":null,"name":"Mumbai–Pune Railway","usage":"main","gauge":"1676","electrified":"contact_line","voltage":"25000","frequency":"50","operator":"Central Railway","highspeed":"no","tracks":1,"network_type":"mainline","corridor":"PUNE-LNL"},"geometry":{"type":"LineString","coordinates":[[73.615641,18.755087],[73.615821,18.754998]]}},{"type":"Feature","id":1316254562,"properties":{"id":1316254562,"railway":"rail","service":null,"name":null,"usage":"main","gauge":"1676","electrified":"contact_line","voltage":"25000","frequency":"50","operator":"Central Railway","highspeed":"no","tracks":1,"network_type":"mainline","corridor":"PUNE-DIV"},"geometry":{"type":"LineString","coordinates":[[73.868847,18.529096],[73.869376,18.529107]]}},{"type":"Feature","id":1316254563,"properties":{"id":1316254563,"railway":"rail","service":null,"name":null,"usage":"main","gauge":"1676","electrified":"contact_line","voltage":"25000","frequency":"50","operator":"Central Railway","highspeed":"no","tracks":1,"network_type":"mainline","corridor":"PUNE-DIV"},"geometry":{"type":"LineString","coordinates":[[73.876529,18.52953],[73.876824,18.52961],[73.877225,18.529743],[73.877467,18.529821],[73.877728,18.529907]]}},{"type":"Feature","id":1316323045,"properties":{"id":1316323045,"railway":"rail","service":"crossover","name":"Mumbai–Pune Railway","usage":"service","gauge":"1676","electrified":"contact_line","voltage":"25000","frequency":"50","operator":"Central Railway","highspeed":"no","tracks":1,"network_type":"yard_loop","corridor":"PUNE-LNL"},"geometry":{"type":"LineString","coordinates":[[73.675561,18.73219],[73.674912,18.732695]]}},{"type":"Feature","id":1316323046,"properties":{"id":1316323046,"railway":"rail","service":"siding","name":"Mumbai–Pune Railway","usage":"service","gauge":"1676","electrified":"contact_line","voltage":"25000","frequency":"50","operator":"Central Railway","highspeed":"no","tracks":1,"network_type":"yard_loop","corridor":"PUNE-LNL"},"geometry":{"type":"LineString","coordinates":[[73.674793,18.7328],[73.674176,18.733321],[73.673234,18.734241],[73.671992,18.735374],[73.670772,18.73647],[73.669501,18.737569],[73.66917,18.737831],[73.66891,18.738029],[73.668665,18.738188],[73.668384,18.738356],[73.668113,18.738499],[73.667815,18.738643],[73.667568,18.738758],[73.667304,18.738869],[73.6671,18.738949],[73.666682,18.739109],[73.666305,18.739231]]}},{"type":"Feature","id":1316323047,"properties":{"id":1316323047,"railway":"rail","service":"siding","name":"Mumbai–Pune Railway","usage":"service","gauge":"1676","electrified":"contact_line","voltage":"25000","frequency":"50","operator":"Central Railway","highspeed":"no","tracks":1,"network_type":"yard_loop","corridor":"PUNE-LNL"},"geometry":{"type":"LineString","coordinates":[[73.667858,18.738726],[73.668221,18.738579],[73.668454,18.73847],[73.668611,18.738388],[73.668749,18.738305],[73.668994,18.73814],[73.669259,18.737937],[73.669572,18.737669],[73.670861,18.736562],[73.672073,18.735466],[73.673323,18.73433],[73.674278,18.733405],[73.674824,18.732827]]}},{"type":"Feature","id":1316323048,"properties":{"id":1316323048,"railway":"rail","service":null,"name":"Mumbai–Pune Railway","usage":"main","gauge":"1676","electrified":"contact_line","voltage":"25000","frequency":"50","operator":"Central Railway","highspeed":"no","tracks":1,"network_type":"mainline","corridor":"PUNE-LNL"},"geometry":{"type":"LineString","coordinates":[[73.667858,18.738726],[73.668199,18.738548],[73.66843,18.738431],[73.668721,18.738266],[73.668963,18.738101],[73.669229,18.737904],[73.669549,18.737645],[73.670831,18.736531],[73.671851,18.73561],[73.673293,18.734301],[73.674244,18.733377],[73.674824,18.732827]]}},{"type":"Feature","id":1316323049,"properties":{"id":1316323049,"railway":"rail","service":null,"name":"Mumbai–Pune Railway","usage":"main","gauge":"1676","electrified":"contact_line","voltage":"25000","frequency":"50","operator":"Central Railway","highspeed":"no","tracks":1,"network_type":"mainline","corridor":"PUNE-LNL"},"geometry":{"type":"LineString","coordinates":[[73.615821,18.754998],[73.626905,18.749586],[73.628707,18.748746],[73.629751,18.748215],[73.630403,18.747831],[73.631162,18.747226],[73.632321,18.746332],[73.633351,18.745316],[73.634484,18.744162],[73.635754,18.743189],[73.636668,18.742601],[73.637608,18.742075],[73.638127,18.741813],[73.638591,18.741604],[73.639589,18.741205],[73.640091,18.741051],[73.64117,18.740747],[73.641697,18.740638],[73.642159,18.740543],[73.649298,18.739618],[73.650388,18.739545],[73.651212,18.739594],[73.653495,18.739813],[73.654422,18.739919],[73.655306,18.739935],[73.660482,18.739708],[73.664456,18.739549],[73.665328,18.739464],[73.665754,18.7394],[73.666173,18.739315],[73.666459,18.739247],[73.666705,18.739179],[73.667004,18.739079],[73.667344,18.738953],[73.667608,18.738839],[73.667858,18.738726]]}},{"type":"Feature","id":1316323050,"properties":{"id":1316323050,"railway":"rail","service":null,"name":"Mumbai–Pune Railway","usage":"main","gauge":"1676","electrified":"contact_line","voltage":"25000","frequency":"50","operator":"Central Railway","highspeed":"no","tracks":1,"network_type":"mainline","corridor":"PUNE-LNL"},"geometry":{"type":"LineString","coordinates":[[73.674793,18.7328],[73.67421,18.733349],[73.673264,18.734271],[73.671819,18.735579],[73.670802,18.7365],[73.669521,18.737612],[73.669204,18.737874],[73.668937,18.738067],[73.668693,18.738227],[73.668407,18.738394],[73.668132,18.73854],[73.667836,18.738685],[73.667586,18.738797],[73.667324,18.738911],[73.666987,18.739037],[73.666688,18.739129],[73.666305,18.739231]]}},{"type":"Feature","id":1316323051,"properties":{"id":1316323051,"railway":"rail","service":null,"name":"Mumbai–Pune Railway","usage":"main","gauge":"1676","electrified":"contact_line","voltage":"25000","frequency":"50","operator":"Central Railway","highspeed":"no","tracks":1,"network_type":"mainline","corridor":"PUNE-LNL"},"geometry":{"type":"LineString","coordinates":[[73.666305,18.739231],[73.66616,18.739265],[73.665745,18.739342],[73.665323,18.739409],[73.664457,18.739503],[73.66048,18.739674],[73.655306,18.739901],[73.654424,18.739885],[73.653499,18.73978],[73.651215,18.73956],[73.650388,18.739511],[73.649294,18.739585],[73.642153,18.74051],[73.641689,18.740604],[73.641162,18.74072],[73.640078,18.741015],[73.639573,18.741174],[73.638584,18.741562],[73.638112,18.74178],[73.637594,18.742045],[73.636649,18.742572],[73.635724,18.743154],[73.634459,18.744137],[73.633325,18.745293],[73.632296,18.746307],[73.63114,18.747199],[73.630371,18.747786],[73.629729,18.748168],[73.62869,18.748716],[73.626889,18.749556],[73.615797,18.754953]]}},{"type":"Feature","id":1316323052,"properties":{"id":1316323052,"railway":"rail","service":"crossover","name":null,"usage":"service","gauge":"1676","electrified":"contact_line","voltage":"25000","frequency":"50","operator":"Central Railway","highspeed":"no","tracks":1,"network_type":"yard_loop","corridor":"PUNE-DIV"},"geometry":{"type":"LineString","coordinates":[[73.66616,18.739265],[73.666057,18.739288],[73.665953,18.739313],[73.66554,18.739424],[73.665434,18.739446],[73.665328,18.739464]]}},{"type":"Feature","id":1316323053,"properties":{"id":1316323053,"railway":"rail","service":"crossover","name":null,"usage":"service","gauge":"1676","electrified":"contact_line","voltage":"25000","frequency":"50","operator":"Central Railway","highspeed":"no","tracks":1,"network_type":"yard_loop","corridor":"PUNE-DIV"},"geometry":{"type":"LineString","coordinates":[[73.486207,18.745445],[73.486774,18.745517]]}},{"type":"Feature","id":1316323054,"properties":{"id":1316323054,"railway":"rail","service":null,"name":"Mumbai-Pune Railway","usage":"main","gauge":"1676","electrified":"contact_line","voltage":"25000","frequency":"50","operator":"Central Railway","highspeed":"no","tracks":1,"network_type":"mainline","corridor":"PUNE-LNL"},"geometry":{"type":"LineString","coordinates":[[73.477786,18.743775],[73.48016,18.744232],[73.481715,18.744552],[73.48601,18.745406]]}},{"type":"Feature","id":1316323055,"properties":{"id":1316323055,"railway":"rail","service":null,"name":null,"usage":"main","gauge":"1676","electrified":"contact_line","voltage":"25000","frequency":"50","operator":"Central Railway","highspeed":"no","tracks":1,"network_type":"mainline","corridor":"PUNE-DIV"},"geometry":{"type":"LineString","coordinates":[[73.486101,18.745383],[73.481721,18.744515],[73.480167,18.744197],[73.477884,18.743754]]}},{"type":"Feature","id":1316323056,"properties":{"id":1316323056,"railway":"rail","service":null,"name":null,"usage":"main","gauge":"1676","electrified":"contact_line","voltage":"25000","frequency":"50","operator":"Central Railway","highspeed":"no","tracks":1,"network_type":"mainline","corridor":"PUNE-DIV"},"geometry":{"type":"LineString","coordinates":[[73.486101,18.745383],[73.485391,18.745204],[73.481727,18.744478],[73.480175,18.744162],[73.47876,18.743881],[73.477884,18.743754]]}},{"type":"Feature","id":1316323057,"properties":{"id":1316323057,"railway":"rail","service":null,"name":"Mumbai-Pune Railway","usage":"main","gauge":"1676","electrified":"contact_line","voltage":"25000","frequency":"50","operator":"Central Railway","highspeed":"no","tracks":1,"network_type":"mainline","corridor":"PUNE-LNL"},"geometry":{"type":"LineString","coordinates":[[73.477786,18.743775],[73.478578,18.743969],[73.480153,18.744267],[73.481708,18.744588],[73.485269,18.745301],[73.48601,18.745406]]}},{"type":"Feature","id":1316323058,"properties":{"id":1316323058,"railway":"rail","service":null,"name":"Mumbai–Pune Railway","usage":"main","gauge":"1676","electrified":"contact_line","voltage":"25000","frequency":"50","operator":"Central Railway","highspeed":"no","tracks":1,"network_type":"mainline","corridor":"PUNE-LNL"},"geometry":{"type":"LineString","coordinates":[[73.793421,18.635356],[73.793234,18.636174],[73.793088,18.636779],[73.792959,18.637221],[73.792835,18.637549],[73.792492,18.638325],[73.792292,18.638729],[73.792088,18.639115],[73.791861,18.63951],[73.791539,18.640008],[73.791159,18.640539],[73.790804,18.640973],[73.790603,18.641205],[73.790392,18.641427],[73.790042,18.641801],[73.789616,18.642187],[73.789186,18.642564],[73.788751,18.64292],[73.788437,18.64314],[73.788054,18.643384]]}},{"type":"Feature","id":1316323059,"properties":{"id":1316323059,"railway":"rail","service":null,"name":"Mumbai–Pune Railway","usage":"main","gauge":"1676","electrified":"contact_line","voltage":"25000","frequency":"50","operator":"Central Railway","highspeed":"no","tracks":1,"network_type":"mainline","corridor":"PUNE-LNL"},"geometry":{"type":"LineString","coordinates":[[73.788401,18.643225],[73.788779,18.642947],[73.789217,18.642597],[73.789648,18.642219],[73.790076,18.641832],[73.790428,18.641456],[73.790641,18.641231],[73.790841,18.641001],[73.791197,18.640565],[73.791579,18.640032],[73.791902,18.639532],[73.79213,18.639136],[73.792335,18.638748],[73.792536,18.638343],[73.792879,18.637566],[73.793004,18.637237],[73.793139,18.63679],[73.793285,18.636184]]}},{"type":"Feature","id":1316323060,"properties":{"id":1316323060,"railway":"rail","service":null,"name":"Mumbai–Pune Railway","usage":"main","gauge":"1676","electrified":"contact_line","voltage":"25000","frequency":"50","operator":"Central Railway","highspeed":"no","tracks":1,"network_type":"mainline","corridor":"PUNE-LNL"},"geometry":{"type":"LineString","coordinates":[[73.793285,18.636184],[73.793643,18.634637],[73.793764,18.634123],[73.79393,18.633588],[73.794097,18.633136],[73.794305,18.632669],[73.794518,18.632221],[73.794699,18.631878],[73.794898,18.631539],[73.79511,18.631186],[73.795331,18.630842],[73.795569,18.630525],[73.795866,18.630167],[73.796109,18.629889],[73.802322,18.623081],[73.804135,18.621094],[73.804466,18.620727],[73.804956,18.620195],[73.805408,18.619732],[73.805788,18.619353],[73.806173,18.619012],[73.806566,18.618678],[73.806966,18.618357],[73.807369,18.618057],[73.810512,18.615942],[73.817415,18.611297],[73.817505,18.611232]]}},{"type":"Feature","id":1316323061,"properties":{"id":1316323061,"railway":"rail","service":null,"name":"Mumbai–Pune Railway","usage":"main","gauge":"1676","electrified":"contact_line","voltage":"25000","frequency":"50","operator":"Central Railway","highspeed":"no","tracks":1,"network_type":"mainline","corridor":"PUNE-LNL"},"geometry":{"type":"LineString","coordinates":[[73.817473,18.611193],[73.817384,18.611258],[73.81048,18.615903],[73.807338,18.618017],[73.806933,18.618319],[73.806531,18.61864],[73.806138,18.618975],[73.805751,18.619318],[73.80537,18.619698],[73.804917,18.620162],[73.80425,18.620893],[73.802287,18.623044],[73.796068,18.629858],[73.795825,18.630136],[73.795527,18.630495],[73.795288,18.630815],[73.795065,18.631161],[73.794853,18.631515],[73.794653,18.631855],[73.794471,18.6322],[73.794257,18.632649],[73.794048,18.633119],[73.793881,18.633573],[73.793714,18.63411],[73.793592,18.634626],[73.793421,18.635356]]}},{"type":"Feature","id":1316323066,"properties":{"id":1316323066,"railway":"rail","service":null,"name":"Mumbai–Pune Railway","usage":"main","gauge":"1676","electrified":"contact_line","voltage":"25000","frequency":"50","operator":"Central Railway","highspeed":"no","tracks":1,"network_type":"mainline","corridor":"PUNE-LNL"},"geometry":{"type":"LineString","coordinates":[[73.842776,18.560478],[73.842651,18.560654],[73.842597,18.560745],[73.842543,18.56082]]}},{"type":"Feature","id":1316323067,"properties":{"id":1316323067,"railway":"rail","service":null,"name":"Mumbai–Pune Railway","usage":"main","gauge":"1676","electrified":"contact_line","voltage":"25000","frequency":"50","operator":"Central Railway","highspeed":"no","tracks":1,"network_type":"mainline","corridor":"PUNE-LNL"},"geometry":{"type":"LineString","coordinates":[[73.83576,18.573596],[73.836613,18.571365],[73.837712,18.568491],[73.837846,18.568157],[73.837946,18.567942],[73.838006,18.567807],[73.838155,18.567493],[73.838341,18.567122]]}},{"type":"Feature","id":1316323068,"properties":{"id":1316323068,"railway":"rail","service":null,"name":"Mumbai–Pune Railway","usage":"main","gauge":"1676","electrified":"contact_line","voltage":"25000","frequency":"50","operator":"Central Railway","highspeed":"no","tracks":1,"network_type":"mainline","corridor":"PUNE-LNL"},"geometry":{"type":"LineString","coordinates":[[73.842819,18.560501],[73.84329,18.559702],[73.843594,18.559124],[73.843723,18.55888],[73.843896,18.558524],[73.844088,18.558107],[73.844319,18.557578],[73.844447,18.557247],[73.844633,18.55676]]}},{"type":"Feature","id":1316323069,"properties":{"id":1316323069,"railway":"rail","service":null,"name":null,"usage":"main","gauge":"1676","electrified":"contact_line","voltage":"25000","frequency":"50","operator":"Central Railway","highspeed":"no","tracks":1,"network_type":"mainline","corridor":"PUNE-DIV"},"geometry":{"type":"LineString","coordinates":[[73.869711,18.529244],[73.869318,18.529185],[73.869218,18.529166]]}},{"type":"Feature","id":1316323070,"properties":{"id":1316323070,"railway":"rail","service":null,"name":null,"usage":"main","gauge":"1676","electrified":"contact_line","voltage":"25000","frequency":"50","operator":"Central Railway","highspeed":"no","tracks":1,"network_type":"mainline","corridor":"PUNE-DIV"},"geometry":{"type":"LineString","coordinates":[[73.86955,18.529276],[73.870076,18.529318]]}},{"type":"Feature","id":1316323071,"properties":{"id":1316323071,"railway":"rail","service":null,"name":"Mumbai-Pune Railway","usage":"main","gauge":"1676","electrified":"contact_line","voltage":"25000","frequency":"50","operator":"Central Railway","highspeed":"no","tracks":1,"network_type":"mainline","corridor":"PUNE-LNL"},"geometry":{"type":"LineString","coordinates":[[73.417956,18.747006],[73.419924,18.746608],[73.42754,18.745086]]}},{"type":"Feature","id":1316323072,"properties":{"id":1316323072,"railway":"rail","service":null,"name":null,"usage":"main","gauge":"1676","electrified":"contact_line","voltage":"25000","frequency":"50","operator":"Central Railway","highspeed":"no","tracks":1,"network_type":"mainline","corridor":"PUNE-DIV"},"geometry":{"type":"LineString","coordinates":[[73.417128,18.747136],[73.415261,18.747518],[73.413977,18.747742]]}},{"type":"Feature","id":1316323073,"properties":{"id":1316323073,"railway":"rail","service":null,"name":null,"usage":"main","gauge":"1676","electrified":"contact_line","voltage":"25000","frequency":"50","operator":"Central Railway","highspeed":"no","tracks":1,"network_type":"mainline","corridor":"PUNE-DIV"},"geometry":{"type":"LineString","coordinates":[[73.429697,18.744609],[73.417919,18.746973],[73.417552,18.747049],[73.417128,18.747136]]}},{"type":"Feature","id":1316323074,"properties":{"id":1316323074,"railway":"rail","service":null,"name":null,"usage":"main","gauge":"1676","electrified":"contact_line","voltage":"25000","frequency":"50","operator":"Central Railway","highspeed":"no","tracks":1,"network_type":"mainline","corridor":"PUNE-DIV"},"geometry":{"type":"LineString","coordinates":[[73.408774,18.748796],[73.409311,18.748622],[73.409694,18.748517],[73.410715,18.748296],[73.410972,18.748244],[73.411222,18.748193],[73.411667,18.748129],[73.411938,18.748078],[73.412432,18.747959],[73.412824,18.747897],[73.413228,18.747841],[73.413635,18.747793],[73.413809,18.74777],[73.413977,18.747742]]}},{"type":"Feature","id":1316323075,"properties":{"id":1316323075,"railway":"rail","service":"crossover","name":null,"usage":"service","gauge":"1676","electrified":"contact_line","voltage":"25000","frequency":"50","operator":"Central Railway","highspeed":"no","tracks":1,"network_type":"yard_loop","corridor":"PUNE-DIV"},"geometry":{"type":"LineString","coordinates":[[73.417956,18.747006],[73.417128,18.747136]]}},{"type":"Feature","id":1316323076,"properties":{"id":1316323076,"railway":"rail","service":"crossover","name":null,"usage":"service","gauge":"1676","electrified":"contact_line","voltage":"25000","frequency":"50","operator":"Central Railway","highspeed":"no","tracks":1,"network_type":"yard_loop","corridor":"PUNE-DIV"},"geometry":{"type":"LineString","coordinates":[[73.413989,18.747789],[73.413167,18.74791]]}},{"type":"Feature","id":1316323077,"properties":{"id":1316323077,"railway":"rail","service":"siding","name":null,"usage":"service","gauge":"1676","electrified":"contact_line","voltage":"25000","frequency":"50","operator":"Central Railway","highspeed":"no","tracks":1,"network_type":"yard_loop","corridor":"PUNE-DIV"},"geometry":{"type":"LineString","coordinates":[[73.413841,18.747863],[73.413245,18.747939]]}},{"type":"Feature","id":1316323090,"properties":{"id":1316323090,"railway":"rail","service":null,"name":null,"usage":"main","gauge":"1676","electrified":"contact_line","voltage":"25000","frequency":"50","operator":"Central Railway","highspeed":"no","tracks":1,"network_type":"mainline","corridor":"PUNE-DIV"},"geometry":{"type":"LineString","coordinates":[[73.872659,18.529492],[73.873876,18.529549],[73.874175,18.529543],[73.874456,18.529524],[73.874622,18.529514],[73.874773,18.529501],[73.875454,18.529522]]}},{"type":"Feature","id":1317326424,"properties":{"id":1317326424,"railway":"rail","service":null,"name":"Mumbai–Pune Railway","usage":"main","gauge":"1676","electrified":"contact_line","voltage":"25000","frequency":"50","operator":"Central Railway","highspeed":"no","tracks":1,"network_type":"mainline","corridor":"PUNE-LNL"},"geometry":{"type":"LineString","coordinates":[[73.832868,18.581045],[73.833226,18.580116],[73.834947,18.575673]]}},{"type":"Feature","id":1317326425,"properties":{"id":1317326425,"railway":"rail","service":null,"name":"Mumbai–Pune Railway","usage":"main","gauge":"1676","electrified":"contact_line","voltage":"25000","frequency":"50","operator":"Central Railway","highspeed":"no","tracks":1,"network_type":"mainline","corridor":"PUNE-LNL"},"geometry":{"type":"LineString","coordinates":[[73.834898,18.575656],[73.833183,18.5801],[73.832823,18.581029]]}},{"type":"Feature","id":1317326426,"properties":{"id":1317326426,"railway":"rail","service":null,"name":"Mumbai–Pune Railway","usage":"main","gauge":"1676","electrified":"contact_line","voltage":"25000","frequency":"50","operator":"Central Railway","highspeed":"no","tracks":1,"network_type":"mainline","corridor":"PUNE-LNL"},"geometry":{"type":"LineString","coordinates":[[73.832823,18.581029],[73.832803,18.58108]]}},{"type":"Feature","id":1317326427,"properties":{"id":1317326427,"railway":"rail","service":null,"name":"Mumbai–Pune Railway","usage":"main","gauge":"1676","electrified":"contact_line","voltage":"25000","frequency":"50","operator":"Central Railway","highspeed":"no","tracks":1,"network_type":"mainline","corridor":"PUNE-LNL"},"geometry":{"type":"LineString","coordinates":[[73.832849,18.581096],[73.832868,18.581045]]}},{"type":"Feature","id":1319799621,"properties":{"id":1319799621,"railway":"rail","service":null,"name":"Mumbai-Pune Railway","usage":"main","gauge":"1676","electrified":"contact_line","voltage":"25000","frequency":"50","operator":"Central Railway","highspeed":"no","tracks":1,"network_type":"mainline","corridor":"PUNE-LNL"},"geometry":{"type":"LineString","coordinates":[[73.471561,18.742534],[73.477634,18.743747],[73.477786,18.743775]]}},{"type":"Feature","id":1319799622,"properties":{"id":1319799622,"railway":"rail","service":null,"name":null,"usage":"main","gauge":"1676","electrified":"contact_line","voltage":"25000","frequency":"50","operator":"Central Railway","highspeed":"no","tracks":1,"network_type":"mainline","corridor":"PUNE-DIV"},"geometry":{"type":"LineString","coordinates":[[73.477884,18.743754],[73.477075,18.743592],[73.471571,18.742492]]}},{"type":"Feature","id":1319799623,"properties":{"id":1319799623,"railway":"rail","service":null,"name":"Mumbai-Pune Railway","usage":"main","gauge":"1676","electrified":"contact_line","voltage":"25000","frequency":"50","operator":"Central Railway","highspeed":"no","tracks":1,"network_type":"mainline","corridor":"PUNE-LNL"},"geometry":{"type":"LineString","coordinates":[[73.471423,18.742506],[73.471561,18.742534]]}},{"type":"Feature","id":1319799624,"properties":{"id":1319799624,"railway":"rail","service":null,"name":null,"usage":"main","gauge":"1676","electrified":"contact_line","voltage":"25000","frequency":"50","operator":"Central Railway","highspeed":"no","tracks":1,"network_type":"mainline","corridor":"PUNE-DIV"},"geometry":{"type":"LineString","coordinates":[[73.471571,18.742492],[73.47143,18.742464]]}},{"type":"Feature","id":1319799628,"properties":{"id":1319799628,"railway":"rail","service":null,"name":"Mumbai-Pune Railway","usage":"main","gauge":"1676","electrified":"contact_line","voltage":"25000","frequency":"50","operator":"Central Railway","highspeed":"no","tracks":1,"network_type":"mainline","corridor":"PUNE-LNL"},"geometry":{"type":"LineString","coordinates":[[73.451379,18.741146],[73.458885,18.740555],[73.460075,18.740526],[73.460715,18.740549],[73.461062,18.740564],[73.461813,18.740643],[73.462669,18.740772],[73.463414,18.7409],[73.471423,18.742506]]}},{"type":"Feature","id":1319799629,"properties":{"id":1319799629,"railway":"rail","service":null,"name":"Mumbai-Pune Railway","usage":"main","gauge":"1676","electrified":"contact_line","voltage":"25000","frequency":"50","operator":"Central Railway","highspeed":"no","tracks":1,"network_type":"mainline","corridor":"PUNE-LNL"},"geometry":{"type":"LineString","coordinates":[[73.451219,18.741159],[73.451379,18.741146]]}},{"type":"Feature","id":1319799630,"properties":{"id":1319799630,"railway":"rail","service":null,"name":null,"usage":"main","gauge":"1676","electrified":"contact_line","voltage":"25000","frequency":"50","operator":"Central Railway","highspeed":"no","tracks":1,"network_type":"mainline","corridor":"PUNE-DIV"},"geometry":{"type":"LineString","coordinates":[[73.47143,18.742464],[73.468406,18.741862],[73.465069,18.741194],[73.463422,18.740859],[73.461974,18.740615],[73.46096,18.740513],[73.459986,18.74048],[73.458879,18.740503],[73.456791,18.740677],[73.451378,18.741103]]}},{"type":"Feature","id":1319799631,"properties":{"id":1319799631,"railway":"rail","service":null,"name":null,"usage":"main","gauge":"1676","electrified":"contact_line","voltage":"25000","frequency":"50","operator":"Central Railway","highspeed":"no","tracks":1,"network_type":"mainline","corridor":"PUNE-DIV"},"geometry":{"type":"LineString","coordinates":[[73.451378,18.741103],[73.451214,18.741115]]}},{"type":"Feature","id":1322447614,"properties":{"id":1322447614,"railway":"disused","service":null,"name":null,"usage":"main","gauge":"1676","electrified":"contact_line","voltage":"25000","frequency":"50","operator":"Central Railway","highspeed":"no","tracks":1,"network_type":"mainline","corridor":"PUNE-DIV"},"geometry":{"type":"LineString","coordinates":[[73.853998,18.570901],[73.854181,18.570947],[73.854771,18.571108]]}},{"type":"Feature","id":1322447615,"properties":{"id":1322447615,"railway":"disused","service":null,"name":null,"usage":"main","gauge":"1676","electrified":"contact_line","voltage":"25000","frequency":"50","operator":"Central Railway","highspeed":"no","tracks":1,"network_type":"mainline","corridor":"PUNE-DIV"},"geometry":{"type":"LineString","coordinates":[[73.854771,18.571108],[73.85492,18.571151]]}},{"type":"Feature","id":1351764523,"properties":{"id":1351764523,"railway":"rail","service":null,"name":null,"usage":"main","gauge":"1676","electrified":"contact_line","voltage":"25000","frequency":"50","operator":"Central Railway","highspeed":"no","tracks":1,"network_type":"mainline","corridor":"PUNE-DIV"},"geometry":{"type":"LineString","coordinates":[[73.365983,18.789402],[73.365511,18.790026],[73.36485,18.790855],[73.364698,18.791068],[73.364506,18.791412],[73.364372,18.791756],[73.364258,18.79204],[73.36418,18.792329],[73.364148,18.792647],[73.364068,18.793402]]}},{"type":"Feature","id":1351764524,"properties":{"id":1351764524,"railway":"rail","service":null,"name":"Tunnel 40","usage":"main","gauge":"1676","electrified":"contact_line","voltage":"25000","frequency":"50","operator":"Central Railway","highspeed":"no","tracks":1,"network_type":"mainline","corridor":"PUNE-DIV"},"geometry":{"type":"LineString","coordinates":[[73.357569,18.810429],[73.357472,18.810883],[73.357442,18.811707],[73.35744,18.81225],[73.357533,18.812981],[73.357696,18.813454],[73.357859,18.813757]]}},{"type":"Feature","id":1451291725,"properties":{"id":1451291725,"railway":"rail","service":null,"name":"Mumbai–Pune Railway","usage":"main","gauge":"1676","electrified":"contact_line","voltage":"25000","frequency":"50","operator":"Central Railway","highspeed":"no","tracks":1,"network_type":"mainline","corridor":"PUNE-LNL"},"geometry":{"type":"LineString","coordinates":[[73.762757,18.649965],[73.76451,18.648533],[73.76648,18.646922],[73.766711,18.646731],[73.767153,18.646385],[73.767569,18.646084],[73.768041,18.645787],[73.76851,18.645499],[73.768974,18.645252],[73.769466,18.645036],[73.769964,18.644823],[73.77047,18.644649],[73.771007,18.644495],[73.77155,18.644362],[73.772087,18.644255],[73.77264,18.644158],[73.773173,18.644103],[73.77371,18.644065],[73.774264,18.644051],[73.77481,18.644075],[73.775228,18.64411],[73.775695,18.644165],[73.776077,18.644224],[73.776444,18.644283],[73.778855,18.644776],[73.779419,18.64489],[73.779932,18.644985],[73.780509,18.645068],[73.781101,18.645127],[73.781726,18.645158],[73.782323,18.645137],[73.78292,18.645094],[73.783524,18.645025],[73.78437,18.644883],[73.785335,18.644634],[73.785665,18.644524],[73.785979,18.644417],[73.786276,18.644304],[73.786588,18.644177],[73.786815,18.644079],[73.787115,18.643937],[73.787408,18.643792],[73.787787,18.643591],[73.788128,18.643395],[73.788401,18.643225]]}},{"type":"Feature","id":1451291726,"properties":{"id":1451291726,"railway":"rail","service":null,"name":"Mumbai–Pune Railway","usage":"main","gauge":"1676","electrified":"contact_line","voltage":"25000","frequency":"50","operator":"Central Railway","highspeed":"no","tracks":1,"network_type":"mainline","corridor":"PUNE-LNL"},"geometry":{"type":"LineString","coordinates":[[73.762506,18.650173],[73.762757,18.649965]]}},{"type":"Feature","id":1451291727,"properties":{"id":1451291727,"railway":"rail","service":null,"name":"Mumbai–Pune Railway","usage":"main","gauge":"1676","electrified":"contact_line","voltage":"25000","frequency":"50","operator":"Central Railway","highspeed":"no","tracks":1,"network_type":"mainline","corridor":"PUNE-LNL"},"geometry":{"type":"LineString","coordinates":[[73.788054,18.643384],[73.787386,18.643753],[73.787091,18.643896],[73.786792,18.644034],[73.786499,18.64416],[73.786237,18.644264],[73.785961,18.644368],[73.785656,18.644473],[73.785318,18.644585],[73.784359,18.644835],[73.783517,18.644976],[73.782915,18.645045],[73.78232,18.645088],[73.781726,18.645108],[73.781105,18.645078],[73.780516,18.645019],[73.779941,18.644936],[73.77943,18.644841],[73.778866,18.644727],[73.776454,18.644234],[73.776086,18.644175],[73.775703,18.644116],[73.775233,18.64406],[73.774813,18.644026],[73.774264,18.644001],[73.773708,18.644015],[73.773169,18.644053],[73.772633,18.644109],[73.772077,18.644206],[73.771538,18.644314],[73.770994,18.644448],[73.770635,18.64455],[73.770454,18.644602],[73.769945,18.644777],[73.769444,18.644991],[73.76895,18.645208],[73.768483,18.645457],[73.768012,18.645745],[73.767539,18.646044],[73.767121,18.646346],[73.766678,18.646693],[73.766444,18.646886],[73.764477,18.648495],[73.76273,18.649926]]}},{"type":"Feature","id":1451291728,"properties":{"id":1451291728,"railway":"rail","service":null,"name":"Mumbai–Pune Railway","usage":"main","gauge":"1676","electrified":"contact_line","voltage":"25000","frequency":"50","operator":"Central Railway","highspeed":"no","tracks":1,"network_type":"mainline","corridor":"PUNE-LNL"},"geometry":{"type":"LineString","coordinates":[[73.76273,18.649926],[73.762478,18.650132]]}},{"type":"Feature","id":1451307135,"properties":{"id":1451307135,"railway":"rail","service":null,"name":"Mumbai–Pune Railway","usage":"main","gauge":"1676","electrified":"contact_line","voltage":"25000","frequency":"50","operator":"Central Railway","highspeed":"no","tracks":1,"network_type":"mainline","corridor":"PUNE-LNL"},"geometry":{"type":"LineString","coordinates":[[73.817595,18.611167],[73.817843,18.610987],[73.818279,18.610648],[73.818641,18.610335],[73.819094,18.609916],[73.81953,18.609488],[73.819959,18.60903],[73.820356,18.608561],[73.820959,18.607809],[73.821797,18.606715],[73.822144,18.60626],[73.822403,18.605928],[73.822659,18.605599],[73.822898,18.605273],[73.823123,18.604958],[73.823389,18.604565],[73.823661,18.604145],[73.823901,18.603743],[73.824147,18.603279],[73.824355,18.602878],[73.824454,18.602662],[73.824614,18.602309],[73.831648,18.584189],[73.832709,18.581455],[73.832849,18.581096]]}},{"type":"Feature","id":1451307136,"properties":{"id":1451307136,"railway":"rail","service":null,"name":"Mumbai–Pune Railway","usage":"main","gauge":"1676","electrified":"contact_line","voltage":"25000","frequency":"50","operator":"Central Railway","highspeed":"no","tracks":1,"network_type":"mainline","corridor":"PUNE-LNL"},"geometry":{"type":"LineString","coordinates":[[73.817505,18.611232],[73.817595,18.611167]]}},{"type":"Feature","id":1451307137,"properties":{"id":1451307137,"railway":"rail","service":null,"name":"Mumbai–Pune Railway","usage":"main","gauge":"1676","electrified":"contact_line","voltage":"25000","frequency":"50","operator":"Central Railway","highspeed":"no","tracks":1,"network_type":"mainline","corridor":"PUNE-LNL"},"geometry":{"type":"LineString","coordinates":[[73.832803,18.58108],[73.832664,18.58144],[73.831694,18.583949],[73.824566,18.60229],[73.824407,18.602639],[73.824308,18.602857],[73.824101,18.603258],[73.823855,18.60372],[73.823616,18.60412],[73.823345,18.604539],[73.823079,18.604931],[73.822855,18.605245],[73.822616,18.60557],[73.822361,18.605898],[73.822102,18.606231],[73.821755,18.606686],[73.820919,18.607778],[73.820314,18.608531],[73.819919,18.608998],[73.819492,18.609455],[73.819057,18.609881],[73.818605,18.610299],[73.818245,18.610611],[73.81781,18.610948],[73.817564,18.611127]]}},{"type":"Feature","id":1451307138,"properties":{"id":1451307138,"railway":"rail","service":null,"name":"Mumbai–Pune Railway","usage":"main","gauge":"1676","electrified":"contact_line","voltage":"25000","frequency":"50","operator":"Central Railway","highspeed":"no","tracks":1,"network_type":"mainline","corridor":"PUNE-LNL"},"geometry":{"type":"LineString","coordinates":[[73.817564,18.611127],[73.817473,18.611193]]}},{"type":"Feature","id":1486887944,"properties":{"id":1486887944,"railway":"rail","service":null,"name":null,"usage":"main","gauge":"1676","electrified":"contact_line","voltage":"25000","frequency":"50","operator":"Central Railway","highspeed":"no","tracks":1,"network_type":"mainline","corridor":"PUNE-DIV"},"geometry":{"type":"LineString","coordinates":[[73.877728,18.529907],[73.878392,18.530127],[73.878434,18.530141],[73.879045,18.530342],[73.879603,18.530547]]}},{"type":"Feature","id":1486887945,"properties":{"id":1486887945,"railway":"rail","service":null,"name":null,"usage":"main","gauge":"1676","electrified":"contact_line","voltage":"25000","frequency":"50","operator":"Central Railway","highspeed":"no","tracks":1,"network_type":"mainline","corridor":"PUNE-DIV"},"geometry":{"type":"LineString","coordinates":[[73.875454,18.529522],[73.875868,18.529572],[73.876155,18.529626],[73.876385,18.529661],[73.8767,18.52973],[73.877178,18.529826]]}},{"type":"Feature","id":1486887946,"properties":{"id":1486887946,"railway":"rail","service":null,"name":null,"usage":"main","gauge":"1676","electrified":"contact_line","voltage":"25000","frequency":"50","operator":"Central Railway","highspeed":"no","tracks":1,"network_type":"mainline","corridor":"PUNE-DIV"},"geometry":{"type":"LineString","coordinates":[[73.883479,18.531647],[73.882552,18.531499],[73.88215,18.531429],[73.88165,18.531308],[73.881264,18.531191]]}},{"type":"Feature","id":1486887947,"properties":{"id":1486887947,"railway":"rail","service":"crossover","name":null,"usage":"service","gauge":"1676","electrified":"contact_line","voltage":"25000","frequency":"50","operator":"Central Railway","highspeed":"no","tracks":1,"network_type":"yard_loop","corridor":"PUNE-DIV"},"geometry":{"type":"LineString","coordinates":[[73.882713,18.531448],[73.883479,18.531647]]}},{"type":"Feature","id":1486887948,"properties":{"id":1486887948,"railway":"rail","service":"crossover","name":null,"usage":"service","gauge":"1676","electrified":"contact_line","voltage":"25000","frequency":"50","operator":"Central Railway","highspeed":"no","tracks":1,"network_type":"yard_loop","corridor":"PUNE-DIV"},"geometry":{"type":"LineString","coordinates":[[73.882552,18.531499],[73.881665,18.5312]]}},{"type":"Feature","id":1486887949,"properties":{"id":1486887949,"railway":"rail","service":"yard","name":null,"usage":"service","gauge":"1676","electrified":"contact_line","voltage":"25000","frequency":"50","operator":"Central Railway","highspeed":"no","tracks":1,"network_type":"yard_loop","corridor":"PUNE-DIV"},"geometry":{"type":"LineString","coordinates":[[73.885887,18.531681],[73.886072,18.531678],[73.886359,18.53164],[73.887096,18.53144],[73.887332,18.531377]]}},{"type":"Feature","id":1486887950,"properties":{"id":1486887950,"railway":"rail","service":null,"name":null,"usage":"main","gauge":"1676","electrified":"contact_line","voltage":"25000","frequency":"50","operator":"Central Railway","highspeed":"no","tracks":1,"network_type":"mainline","corridor":"PUNE-DIV"},"geometry":{"type":"LineString","coordinates":[[73.879603,18.530547],[73.879984,18.530671],[73.880265,18.530762]]}},{"type":"Feature","id":1486887951,"properties":{"id":1486887951,"railway":"rail","service":null,"name":null,"usage":"main","gauge":"1676","electrified":"contact_line","voltage":"25000","frequency":"50","operator":"Central Railway","highspeed":"no","tracks":1,"network_type":"mainline","corridor":"PUNE-DIV"},"geometry":{"type":"LineString","coordinates":[[73.881264,18.531191],[73.880884,18.531076],[73.880329,18.530895]]}},{"type":"Feature","id":1486887952,"properties":{"id":1486887952,"railway":"rail","service":"crossover","name":null,"usage":"service","gauge":"1676","electrified":"contact_line","voltage":"25000","frequency":"50","operator":"Central Railway","highspeed":"no","tracks":1,"network_type":"yard_loop","corridor":"PUNE-DIV"},"geometry":{"type":"LineString","coordinates":[[73.880265,18.530762],[73.881264,18.531191]]}},{"type":"Feature","id":1486887953,"properties":{"id":1486887953,"railway":"rail","service":"crossover","name":null,"usage":"service","gauge":"1676","electrified":"contact_line","voltage":"25000","frequency":"50","operator":"Central Railway","highspeed":"no","tracks":1,"network_type":"yard_loop","corridor":"PUNE-DIV"},"geometry":{"type":"LineString","coordinates":[[73.878434,18.530141],[73.878794,18.530306]]}},{"type":"Feature","id":1486887954,"properties":{"id":1486887954,"railway":"rail","service":"crossover","name":null,"usage":"service","gauge":"1676","electrified":"contact_line","voltage":"25000","frequency":"50","operator":"Central Railway","highspeed":"no","tracks":1,"network_type":"yard_loop","corridor":"PUNE-DIV"},"geometry":{"type":"LineString","coordinates":[[73.878367,18.530161],[73.878727,18.530338]]}},{"type":"Feature","id":1486887955,"properties":{"id":1486887955,"railway":"rail","service":"crossover","name":null,"usage":"service","gauge":"1676","electrified":"contact_line","voltage":"25000","frequency":"50","operator":"Central Railway","highspeed":"no","tracks":1,"network_type":"yard_loop","corridor":"PUNE-DIV"},"geometry":{"type":"LineString","coordinates":[[73.884526,18.531619],[73.884886,18.53168]]}},{"type":"Feature","id":1502209173,"properties":{"id":1502209173,"railway":"rail","service":"crossover","name":null,"usage":"main","gauge":"1676","electrified":"contact_line","voltage":"25000","frequency":"50","operator":"Central Railway","highspeed":"no","tracks":1,"network_type":"yard_loop","corridor":"PUNE-DIV"},"geometry":{"type":"LineString","coordinates":[[73.854162,18.529621],[73.853838,18.529787]]}},{"type":"Feature","id":1502389840,"properties":{"id":1502389840,"railway":"rail","service":null,"name":null,"usage":"main","gauge":"1676","electrified":"contact_line","voltage":"25000","frequency":"50","operator":"Central Railway","highspeed":"no","tracks":1,"network_type":"mainline","corridor":"PUNE-DIV"},"geometry":{"type":"LineString","coordinates":[[73.405134,18.75126],[73.404862,18.751508],[73.404637,18.751676]]}},{"type":"Feature","id":1531045884,"properties":{"id":1531045884,"railway":"rail","service":null,"name":null,"usage":"main","gauge":"1676","electrified":"contact_line","voltage":"25000","frequency":"50","operator":"Central Railway","highspeed":"no","tracks":1,"network_type":"mainline","corridor":"PUNE-DIV"},"geometry":{"type":"LineString","coordinates":[[73.40991,18.748163],[73.409057,18.748365],[73.408582,18.748573]]}},{"type":"Feature","id":1531045886,"properties":{"id":1531045886,"railway":"rail","service":null,"name":null,"usage":"main","gauge":"1676","electrified":"contact_line","voltage":"25000","frequency":"50","operator":"Central Railway","highspeed":"no","tracks":1,"network_type":"mainline","corridor":"PUNE-DIV"},"geometry":{"type":"LineString","coordinates":[[73.409896,18.748111],[73.409043,18.748313],[73.408568,18.74852]]}},{"type":"Feature","id":1531045887,"properties":{"id":1531045887,"railway":"rail","service":null,"name":null,"usage":"main","gauge":"1676","electrified":"contact_line","voltage":"25000","frequency":"50","operator":"Central Railway","highspeed":"no","tracks":1,"network_type":"mainline","corridor":"PUNE-DIV"},"geometry":{"type":"LineString","coordinates":[[73.666276,18.739139],[73.666957,18.738946],[73.667292,18.738818],[73.667595,18.738643]]}},{"type":"Feature","id":1531045888,"properties":{"id":1531045888,"railway":"rail","service":null,"name":null,"usage":"main","gauge":"1676","electrified":"contact_line","voltage":"25000","frequency":"50","operator":"Central Railway","highspeed":"no","tracks":1,"network_type":"mainline","corridor":"PUNE-DIV"},"geometry":{"type":"LineString","coordinates":[[73.66576,18.739293],[73.666295,18.739182],[73.666673,18.739067],[73.666979,18.738965],[73.667309,18.738841],[73.667737,18.738612]]}},{"type":"Feature","id":1531045894,"properties":{"id":1531045894,"railway":"rail","service":"yard","name":null,"usage":"service","gauge":"1676","electrified":"contact_line","voltage":"25000","frequency":"50","operator":"Central Railway","highspeed":"no","tracks":1,"network_type":"yard_loop","corridor":"PUNE-DIV"},"geometry":{"type":"LineString","coordinates":[[73.42662,18.745328],[73.426162,18.745474],[73.419344,18.746834]]}},{"type":"Feature","id":1533558180,"properties":{"id":1533558180,"railway":"rail","service":"yard","name":null,"usage":"service","gauge":"1676","electrified":"contact_line","voltage":"25000","frequency":"50","operator":"Central Railway","highspeed":"no","tracks":1,"network_type":"yard_loop","corridor":"PUNE-DIV"},"geometry":{"type":"LineString","coordinates":[[73.789157,18.642502],[73.789299,18.642356],[73.789428,18.642201],[73.789527,18.642096],[73.790076,18.641582],[73.790091,18.641567]]}},{"type":"Feature","id":1533558182,"properties":{"id":1533558182,"railway":"rail","service":"crossover","name":null,"usage":"main","gauge":"1676","electrified":"contact_line","voltage":"25000","frequency":"50","operator":"Central Railway","highspeed":"no","tracks":1,"network_type":"yard_loop","corridor":"PUNE-DIV"},"geometry":{"type":"LineString","coordinates":[[73.785979,18.644417],[73.786792,18.644034]]}},{"type":"Feature","id":1533574077,"properties":{"id":1533574077,"railway":"rail","service":"siding","name":null,"usage":"main","gauge":"1676","electrified":"contact_line","voltage":"25000","frequency":"50","operator":"Central Railway","highspeed":"no","tracks":1,"network_type":"yard_loop","corridor":"PUNE-DIV"},"geometry":{"type":"LineString","coordinates":[[73.795344,18.630988],[73.795172,18.63129],[73.795031,18.631567],[73.794834,18.632001],[73.794609,18.632502],[73.794292,18.633196],[73.794152,18.633535],[73.794022,18.633889],[73.793941,18.634155],[73.793878,18.634408],[73.793837,18.634596],[73.793778,18.634925],[73.79372,18.635286],[73.793631,18.635553],[73.793541,18.635748],[73.793453,18.635951]]}},{"type":"Feature","id":1533574078,"properties":{"id":1533574078,"railway":"rail","service":"spur","name":null,"usage":"main","gauge":"1676","electrified":"contact_line","voltage":"25000","frequency":"50","operator":"Central Railway","highspeed":"no","tracks":1,"network_type":"yard_loop","corridor":"PUNE-DIV"},"geometry":{"type":"LineString","coordinates":[[73.793723,18.635277],[73.793661,18.635543],[73.79311,18.637612]]}},{"type":"Feature","id":1533574079,"properties":{"id":1533574079,"railway":"rail","service":"yard","name":null,"usage":"service","gauge":"1676","electrified":"contact_line","voltage":"25000","frequency":"50","operator":"Central Railway","highspeed":"no","tracks":1,"network_type":"yard_loop","corridor":"PUNE-DIV"},"geometry":{"type":"LineString","coordinates":[[73.793778,18.632959],[73.793454,18.634508],[73.793242,18.63547],[73.793218,18.635696],[73.7932,18.635929],[73.793167,18.636154],[73.793125,18.636373]]}}]}